TECHJAM_END_TO_END_ATTENTION_V2
E2E_CONFIG,sequence=16,model_dimension=32,heads=4,head_dimension=8,tile=8,padding_rule=token_mod_7_not_5
E2E_RESULT,float_proj_mixed_attention,0,132291,130428,1.014284,96,31328,0.000179991126,3.13382912,0,PASS
E2E_OUTPUT,float_proj_mixed_attention,0,0,-0.00837350823
E2E_OUTPUT,float_proj_mixed_attention,0,1,0.0282450635
E2E_OUTPUT,float_proj_mixed_attention,0,2,0.063465625
E2E_OUTPUT,float_proj_mixed_attention,0,3,-0.0401529223
E2E_OUTPUT,float_proj_mixed_attention,0,4,0.0139189903
E2E_OUTPUT,float_proj_mixed_attention,0,5,-0.0209932644
E2E_OUTPUT,float_proj_mixed_attention,0,6,0.0237418972
E2E_OUTPUT,float_proj_mixed_attention,0,7,-0.0683910698
E2E_OUTPUT,float_proj_mixed_attention,0,8,-0.0159199927
E2E_OUTPUT,float_proj_mixed_attention,0,9,0.00421996508
E2E_OUTPUT,float_proj_mixed_attention,0,10,0.0885150209
E2E_OUTPUT,float_proj_mixed_attention,0,11,0.0265364796
E2E_OUTPUT,float_proj_mixed_attention,0,12,-0.0561134666
E2E_OUTPUT,float_proj_mixed_attention,0,13,0.0178694446
E2E_OUTPUT,float_proj_mixed_attention,0,14,0.0127801541
E2E_OUTPUT,float_proj_mixed_attention,0,15,0.0214173831
E2E_OUTPUT,float_proj_mixed_attention,0,16,0.0129855778
E2E_OUTPUT,float_proj_mixed_attention,0,17,-0.00581355253
E2E_OUTPUT,float_proj_mixed_attention,0,18,-0.0208636448
E2E_OUTPUT,float_proj_mixed_attention,0,19,0.0117772026
E2E_OUTPUT,float_proj_mixed_attention,0,20,-0.0176424552
E2E_OUTPUT,float_proj_mixed_attention,0,21,-0.00551365223
E2E_OUTPUT,float_proj_mixed_attention,0,22,0.0312473569
E2E_OUTPUT,float_proj_mixed_attention,0,23,0.00463794079
E2E_OUTPUT,float_proj_mixed_attention,0,24,0.0213772245
E2E_OUTPUT,float_proj_mixed_attention,0,25,-0.0700786561
E2E_OUTPUT,float_proj_mixed_attention,0,26,0.00656441646
E2E_OUTPUT,float_proj_mixed_attention,0,27,0.0416471995
E2E_OUTPUT,float_proj_mixed_attention,0,28,-0.000314657576
E2E_OUTPUT,float_proj_mixed_attention,0,29,0.0130063621
E2E_OUTPUT,float_proj_mixed_attention,0,30,-0.0529624112
E2E_OUTPUT,float_proj_mixed_attention,0,31,0.0286621787
E2E_OUTPUT,float_proj_mixed_attention,0,32,-0.00572048314
E2E_OUTPUT,float_proj_mixed_attention,0,33,0.0289027169
E2E_OUTPUT,float_proj_mixed_attention,0,34,0.0613039471
E2E_OUTPUT,float_proj_mixed_attention,0,35,-0.0388412587
E2E_OUTPUT,float_proj_mixed_attention,0,36,0.0101805739
E2E_OUTPUT,float_proj_mixed_attention,0,37,-0.0211252272
E2E_OUTPUT,float_proj_mixed_attention,0,38,0.0237707645
E2E_OUTPUT,float_proj_mixed_attention,0,39,-0.0656687543
E2E_OUTPUT,float_proj_mixed_attention,0,40,-0.0166072845
E2E_OUTPUT,float_proj_mixed_attention,0,41,0.00541557185
E2E_OUTPUT,float_proj_mixed_attention,0,42,0.0879896581
E2E_OUTPUT,float_proj_mixed_attention,0,43,0.0262810923
E2E_OUTPUT,float_proj_mixed_attention,0,44,-0.0561444312
E2E_OUTPUT,float_proj_mixed_attention,0,45,0.0175924506
E2E_OUTPUT,float_proj_mixed_attention,0,46,0.0106658926
E2E_OUTPUT,float_proj_mixed_attention,0,47,0.0207361709
E2E_OUTPUT,float_proj_mixed_attention,0,48,0.0139899468
E2E_OUTPUT,float_proj_mixed_attention,0,49,-0.00406302838
E2E_OUTPUT,float_proj_mixed_attention,0,50,-0.0172550529
E2E_OUTPUT,float_proj_mixed_attention,0,51,0.0108483648
E2E_OUTPUT,float_proj_mixed_attention,0,52,-0.0179376286
E2E_OUTPUT,float_proj_mixed_attention,0,53,-0.00466631027
E2E_OUTPUT,float_proj_mixed_attention,0,54,0.0279360376
E2E_OUTPUT,float_proj_mixed_attention,0,55,0.00542184757
E2E_OUTPUT,float_proj_mixed_attention,0,56,0.0196840391
E2E_OUTPUT,float_proj_mixed_attention,0,57,-0.0660013109
E2E_OUTPUT,float_proj_mixed_attention,0,58,0.00876620971
E2E_OUTPUT,float_proj_mixed_attention,0,59,0.0382159054
E2E_OUTPUT,float_proj_mixed_attention,0,60,-4.37409617e-05
E2E_OUTPUT,float_proj_mixed_attention,0,61,0.0125031061
E2E_OUTPUT,float_proj_mixed_attention,0,62,-0.0544979274
E2E_OUTPUT,float_proj_mixed_attention,0,63,0.0316433236
E2E_OUTPUT,float_proj_mixed_attention,0,64,-0.00636561681
E2E_OUTPUT,float_proj_mixed_attention,0,65,0.0295618847
E2E_OUTPUT,float_proj_mixed_attention,0,66,0.0567232184
E2E_OUTPUT,float_proj_mixed_attention,0,67,-0.0404764824
E2E_OUTPUT,float_proj_mixed_attention,0,68,0.0161001552
E2E_OUTPUT,float_proj_mixed_attention,0,69,-0.0228170138
E2E_OUTPUT,float_proj_mixed_attention,0,70,0.029942397
E2E_OUTPUT,float_proj_mixed_attention,0,71,-0.0675815195
E2E_OUTPUT,float_proj_mixed_attention,0,72,-0.0167113934
E2E_OUTPUT,float_proj_mixed_attention,0,73,0.00194308721
E2E_OUTPUT,float_proj_mixed_attention,0,74,0.0922699794
E2E_OUTPUT,float_proj_mixed_attention,0,75,0.024970552
E2E_OUTPUT,float_proj_mixed_attention,0,76,-0.0607075281
E2E_OUTPUT,float_proj_mixed_attention,0,77,0.0186844096
E2E_OUTPUT,float_proj_mixed_attention,0,78,0.0154889477
E2E_OUTPUT,float_proj_mixed_attention,0,79,0.0249676052
E2E_OUTPUT,float_proj_mixed_attention,0,80,0.0100739198
E2E_OUTPUT,float_proj_mixed_attention,0,81,-0.00321355043
E2E_OUTPUT,float_proj_mixed_attention,0,82,-0.0222658403
E2E_OUTPUT,float_proj_mixed_attention,0,83,0.0114962189
E2E_OUTPUT,float_proj_mixed_attention,0,84,-0.0161715839
E2E_OUTPUT,float_proj_mixed_attention,0,85,-0.00533147156
E2E_OUTPUT,float_proj_mixed_attention,0,86,0.0324360766
E2E_OUTPUT,float_proj_mixed_attention,0,87,0.00790696871
E2E_OUTPUT,float_proj_mixed_attention,0,88,0.0190287139
E2E_OUTPUT,float_proj_mixed_attention,0,89,-0.067898497
E2E_OUTPUT,float_proj_mixed_attention,0,90,0.00655174162
E2E_OUTPUT,float_proj_mixed_attention,0,91,0.0401346833
E2E_OUTPUT,float_proj_mixed_attention,0,92,-0.000105173793
E2E_OUTPUT,float_proj_mixed_attention,0,93,0.0151962582
E2E_OUTPUT,float_proj_mixed_attention,0,94,-0.0473047905
E2E_OUTPUT,float_proj_mixed_attention,0,95,0.0266956314
E2E_OUTPUT,float_proj_mixed_attention,0,96,-0.0029038568
E2E_OUTPUT,float_proj_mixed_attention,0,97,0.0241922438
E2E_OUTPUT,float_proj_mixed_attention,0,98,0.0605740175
E2E_OUTPUT,float_proj_mixed_attention,0,99,-0.0415421203
E2E_OUTPUT,float_proj_mixed_attention,0,100,0.0131044462
E2E_OUTPUT,float_proj_mixed_attention,0,101,-0.021871686
E2E_OUTPUT,float_proj_mixed_attention,0,102,0.0303475894
E2E_OUTPUT,float_proj_mixed_attention,0,103,-0.0689155459
E2E_OUTPUT,float_proj_mixed_attention,0,104,-0.0131392647
E2E_OUTPUT,float_proj_mixed_attention,0,105,0.00250864588
E2E_OUTPUT,float_proj_mixed_attention,0,106,0.0885684118
E2E_OUTPUT,float_proj_mixed_attention,0,107,0.027253177
E2E_OUTPUT,float_proj_mixed_attention,0,108,-0.0597327203
E2E_OUTPUT,float_proj_mixed_attention,0,109,0.0202835109
E2E_OUTPUT,float_proj_mixed_attention,0,110,0.0113855144
E2E_OUTPUT,float_proj_mixed_attention,0,111,0.0283779781
E2E_OUTPUT,float_proj_mixed_attention,0,112,0.00971589237
E2E_OUTPUT,float_proj_mixed_attention,0,113,-0.00517690135
E2E_OUTPUT,float_proj_mixed_attention,0,114,-0.0210880917
E2E_OUTPUT,float_proj_mixed_attention,0,115,0.0124615328
E2E_OUTPUT,float_proj_mixed_attention,0,116,-0.0180723108
E2E_OUTPUT,float_proj_mixed_attention,0,117,0.000253030099
E2E_OUTPUT,float_proj_mixed_attention,0,118,0.0296714362
E2E_OUTPUT,float_proj_mixed_attention,0,119,0.00801026449
E2E_OUTPUT,float_proj_mixed_attention,0,120,0.0162066761
E2E_OUTPUT,float_proj_mixed_attention,0,121,-0.0691254288
E2E_OUTPUT,float_proj_mixed_attention,0,122,0.007144209
E2E_OUTPUT,float_proj_mixed_attention,0,123,0.0387370661
E2E_OUTPUT,float_proj_mixed_attention,0,124,0.00222256407
E2E_OUTPUT,float_proj_mixed_attention,0,125,0.0140921045
E2E_OUTPUT,float_proj_mixed_attention,0,126,-0.0487423576
E2E_OUTPUT,float_proj_mixed_attention,0,127,0.0291055217
E2E_OUTPUT,float_proj_mixed_attention,0,128,-0.00934013166
E2E_OUTPUT,float_proj_mixed_attention,0,129,0.0273222458
E2E_OUTPUT,float_proj_mixed_attention,0,130,0.0585198924
E2E_OUTPUT,float_proj_mixed_attention,0,131,-0.03871518
E2E_OUTPUT,float_proj_mixed_attention,0,132,0.0119778104
E2E_OUTPUT,float_proj_mixed_attention,0,133,-0.0160640981
E2E_OUTPUT,float_proj_mixed_attention,0,134,0.0212858617
E2E_OUTPUT,float_proj_mixed_attention,0,135,-0.0776604638
E2E_OUTPUT,float_proj_mixed_attention,0,136,-0.0133618405
E2E_OUTPUT,float_proj_mixed_attention,0,137,0.00403957395
E2E_OUTPUT,float_proj_mixed_attention,0,138,0.0918333679
E2E_OUTPUT,float_proj_mixed_attention,0,139,0.0264655519
E2E_OUTPUT,float_proj_mixed_attention,0,140,-0.0597672313
E2E_OUTPUT,float_proj_mixed_attention,0,141,0.0176935084
E2E_OUTPUT,float_proj_mixed_attention,0,142,0.00607584417
E2E_OUTPUT,float_proj_mixed_attention,0,143,0.0280944854
E2E_OUTPUT,float_proj_mixed_attention,0,144,0.0137151033
E2E_OUTPUT,float_proj_mixed_attention,0,145,-0.00635575829
E2E_OUTPUT,float_proj_mixed_attention,0,146,-0.0145033067
E2E_OUTPUT,float_proj_mixed_attention,0,147,0.00697486009
E2E_OUTPUT,float_proj_mixed_attention,0,148,-0.0119142085
E2E_OUTPUT,float_proj_mixed_attention,0,149,-0.00567360874
E2E_OUTPUT,float_proj_mixed_attention,0,150,0.0301003419
E2E_OUTPUT,float_proj_mixed_attention,0,151,0.00764558604
E2E_OUTPUT,float_proj_mixed_attention,0,152,0.0182118975
E2E_OUTPUT,float_proj_mixed_attention,0,153,-0.0651393682
E2E_OUTPUT,float_proj_mixed_attention,0,154,0.0050421101
E2E_OUTPUT,float_proj_mixed_attention,0,155,0.0362122469
E2E_OUTPUT,float_proj_mixed_attention,0,156,0.00687158946
E2E_OUTPUT,float_proj_mixed_attention,0,157,0.0143200206
E2E_OUTPUT,float_proj_mixed_attention,0,158,-0.0486230925
E2E_OUTPUT,float_proj_mixed_attention,0,159,0.0274550375
E2E_OUTPUT,float_proj_mixed_attention,0,160,0
E2E_OUTPUT,float_proj_mixed_attention,0,161,0
E2E_OUTPUT,float_proj_mixed_attention,0,162,0
E2E_OUTPUT,float_proj_mixed_attention,0,163,0
E2E_OUTPUT,float_proj_mixed_attention,0,164,0
E2E_OUTPUT,float_proj_mixed_attention,0,165,0
E2E_OUTPUT,float_proj_mixed_attention,0,166,0
E2E_OUTPUT,float_proj_mixed_attention,0,167,0
E2E_OUTPUT,float_proj_mixed_attention,0,168,0
E2E_OUTPUT,float_proj_mixed_attention,0,169,0
E2E_OUTPUT,float_proj_mixed_attention,0,170,0
E2E_OUTPUT,float_proj_mixed_attention,0,171,0
E2E_OUTPUT,float_proj_mixed_attention,0,172,0
E2E_OUTPUT,float_proj_mixed_attention,0,173,0
E2E_OUTPUT,float_proj_mixed_attention,0,174,0
E2E_OUTPUT,float_proj_mixed_attention,0,175,0
E2E_OUTPUT,float_proj_mixed_attention,0,176,0
E2E_OUTPUT,float_proj_mixed_attention,0,177,0
E2E_OUTPUT,float_proj_mixed_attention,0,178,0
E2E_OUTPUT,float_proj_mixed_attention,0,179,0
E2E_OUTPUT,float_proj_mixed_attention,0,180,0
E2E_OUTPUT,float_proj_mixed_attention,0,181,0
E2E_OUTPUT,float_proj_mixed_attention,0,182,0
E2E_OUTPUT,float_proj_mixed_attention,0,183,0
E2E_OUTPUT,float_proj_mixed_attention,0,184,0
E2E_OUTPUT,float_proj_mixed_attention,0,185,0
E2E_OUTPUT,float_proj_mixed_attention,0,186,0
E2E_OUTPUT,float_proj_mixed_attention,0,187,0
E2E_OUTPUT,float_proj_mixed_attention,0,188,0
E2E_OUTPUT,float_proj_mixed_attention,0,189,0
E2E_OUTPUT,float_proj_mixed_attention,0,190,0
E2E_OUTPUT,float_proj_mixed_attention,0,191,0
E2E_OUTPUT,float_proj_mixed_attention,0,192,-0.00952659734
E2E_OUTPUT,float_proj_mixed_attention,0,193,0.0302063189
E2E_OUTPUT,float_proj_mixed_attention,0,194,0.0658063069
E2E_OUTPUT,float_proj_mixed_attention,0,195,-0.0412699692
E2E_OUTPUT,float_proj_mixed_attention,0,196,0.0153653007
E2E_OUTPUT,float_proj_mixed_attention,0,197,-0.0210309923
E2E_OUTPUT,float_proj_mixed_attention,0,198,0.0242081918
E2E_OUTPUT,float_proj_mixed_attention,0,199,-0.0712780878
E2E_OUTPUT,float_proj_mixed_attention,0,200,-0.0169368014
E2E_OUTPUT,float_proj_mixed_attention,0,201,0.00492585823
E2E_OUTPUT,float_proj_mixed_attention,0,202,0.0910217762
E2E_OUTPUT,float_proj_mixed_attention,0,203,0.0266309157
E2E_OUTPUT,float_proj_mixed_attention,0,204,-0.0589857139
E2E_OUTPUT,float_proj_mixed_attention,0,205,0.0173199289
E2E_OUTPUT,float_proj_mixed_attention,0,206,0.00982588716
E2E_OUTPUT,float_proj_mixed_attention,0,207,0.0220111534
E2E_OUTPUT,float_proj_mixed_attention,0,208,0.0145293269
E2E_OUTPUT,float_proj_mixed_attention,0,209,-0.00159676559
E2E_OUTPUT,float_proj_mixed_attention,0,210,-0.0184528232
E2E_OUTPUT,float_proj_mixed_attention,0,211,0.0142192561
E2E_OUTPUT,float_proj_mixed_attention,0,212,-0.0196957625
E2E_OUTPUT,float_proj_mixed_attention,0,213,-0.00428700075
E2E_OUTPUT,float_proj_mixed_attention,0,214,0.0268568397
E2E_OUTPUT,float_proj_mixed_attention,0,215,0.00625357032
E2E_OUTPUT,float_proj_mixed_attention,0,216,0.0250829607
E2E_OUTPUT,float_proj_mixed_attention,0,217,-0.071999006
E2E_OUTPUT,float_proj_mixed_attention,0,218,0.00431363424
E2E_OUTPUT,float_proj_mixed_attention,0,219,0.0425359234
E2E_OUTPUT,float_proj_mixed_attention,0,220,0.0023489194
E2E_OUTPUT,float_proj_mixed_attention,0,221,0.0139399664
E2E_OUTPUT,float_proj_mixed_attention,0,222,-0.0554449484
E2E_OUTPUT,float_proj_mixed_attention,0,223,0.0260573197
E2E_OUTPUT,float_proj_mixed_attention,0,224,-0.00400785124
E2E_OUTPUT,float_proj_mixed_attention,0,225,0.0301536955
E2E_OUTPUT,float_proj_mixed_attention,0,226,0.0651303008
E2E_OUTPUT,float_proj_mixed_attention,0,227,-0.0459098667
E2E_OUTPUT,float_proj_mixed_attention,0,228,0.018837506
E2E_OUTPUT,float_proj_mixed_attention,0,229,-0.0268425532
E2E_OUTPUT,float_proj_mixed_attention,0,230,0.0319551378
E2E_OUTPUT,float_proj_mixed_attention,0,231,-0.0751094371
E2E_OUTPUT,float_proj_mixed_attention,0,232,-0.0127726384
E2E_OUTPUT,float_proj_mixed_attention,0,233,0.0060353037
E2E_OUTPUT,float_proj_mixed_attention,0,234,0.0911569968
E2E_OUTPUT,float_proj_mixed_attention,0,235,0.0285392776
E2E_OUTPUT,float_proj_mixed_attention,0,236,-0.0583272427
E2E_OUTPUT,float_proj_mixed_attention,0,237,0.0182793606
E2E_OUTPUT,float_proj_mixed_attention,0,238,0.00291454932
E2E_OUTPUT,float_proj_mixed_attention,0,239,0.0256796721
E2E_OUTPUT,float_proj_mixed_attention,0,240,0.0161010511
E2E_OUTPUT,float_proj_mixed_attention,0,241,-0.00199353741
E2E_OUTPUT,float_proj_mixed_attention,0,242,-0.028152762
E2E_OUTPUT,float_proj_mixed_attention,0,243,0.0179087128
E2E_OUTPUT,float_proj_mixed_attention,0,244,-0.023191154
E2E_OUTPUT,float_proj_mixed_attention,0,245,0.00507924659
E2E_OUTPUT,float_proj_mixed_attention,0,246,0.0269338582
E2E_OUTPUT,float_proj_mixed_attention,0,247,-0.00472818036
E2E_OUTPUT,float_proj_mixed_attention,0,248,0.018215593
E2E_OUTPUT,float_proj_mixed_attention,0,249,-0.0698275641
E2E_OUTPUT,float_proj_mixed_attention,0,250,0.0110269766
E2E_OUTPUT,float_proj_mixed_attention,0,251,0.0405069292
E2E_OUTPUT,float_proj_mixed_attention,0,252,0.00308482209
E2E_OUTPUT,float_proj_mixed_attention,0,253,0.0122170253
E2E_OUTPUT,float_proj_mixed_attention,0,254,-0.057964664
E2E_OUTPUT,float_proj_mixed_attention,0,255,0.0370592438
E2E_OUTPUT,float_proj_mixed_attention,0,256,-0.00173300353
E2E_OUTPUT,float_proj_mixed_attention,0,257,0.0276416857
E2E_OUTPUT,float_proj_mixed_attention,0,258,0.0561042912
E2E_OUTPUT,float_proj_mixed_attention,0,259,-0.038496159
E2E_OUTPUT,float_proj_mixed_attention,0,260,0.0100776553
E2E_OUTPUT,float_proj_mixed_attention,0,261,-0.0215218291
E2E_OUTPUT,float_proj_mixed_attention,0,262,0.027518481
E2E_OUTPUT,float_proj_mixed_attention,0,263,-0.0695679337
E2E_OUTPUT,float_proj_mixed_attention,0,264,-0.0187834892
E2E_OUTPUT,float_proj_mixed_attention,0,265,0.00585047575
E2E_OUTPUT,float_proj_mixed_attention,0,266,0.0918181837
E2E_OUTPUT,float_proj_mixed_attention,0,267,0.0244693048
E2E_OUTPUT,float_proj_mixed_attention,0,268,-0.0612996556
E2E_OUTPUT,float_proj_mixed_attention,0,269,0.0192060806
E2E_OUTPUT,float_proj_mixed_attention,0,270,0.0122771198
E2E_OUTPUT,float_proj_mixed_attention,0,271,0.0252290703
E2E_OUTPUT,float_proj_mixed_attention,0,272,0.0111557301
E2E_OUTPUT,float_proj_mixed_attention,0,273,-0.00239590835
E2E_OUTPUT,float_proj_mixed_attention,0,274,-0.015458785
E2E_OUTPUT,float_proj_mixed_attention,0,275,0.00780769996
E2E_OUTPUT,float_proj_mixed_attention,0,276,-0.016427014
E2E_OUTPUT,float_proj_mixed_attention,0,277,-0.000930979149
E2E_OUTPUT,float_proj_mixed_attention,0,278,0.0264367294
E2E_OUTPUT,float_proj_mixed_attention,0,279,0.00993983727
E2E_OUTPUT,float_proj_mixed_attention,0,280,0.0184642393
E2E_OUTPUT,float_proj_mixed_attention,0,281,-0.0664467812
E2E_OUTPUT,float_proj_mixed_attention,0,282,0.00843270682
E2E_OUTPUT,float_proj_mixed_attention,0,283,0.0351150483
E2E_OUTPUT,float_proj_mixed_attention,0,284,0.00197658828
E2E_OUTPUT,float_proj_mixed_attention,0,285,0.0131811211
E2E_OUTPUT,float_proj_mixed_attention,0,286,-0.0479802974
E2E_OUTPUT,float_proj_mixed_attention,0,287,0.0297389813
E2E_OUTPUT,float_proj_mixed_attention,0,288,-0.00642455835
E2E_OUTPUT,float_proj_mixed_attention,0,289,0.0260081254
E2E_OUTPUT,float_proj_mixed_attention,0,290,0.0595437065
E2E_OUTPUT,float_proj_mixed_attention,0,291,-0.0409432948
E2E_OUTPUT,float_proj_mixed_attention,0,292,0.0134765701
E2E_OUTPUT,float_proj_mixed_attention,0,293,-0.0198121388
E2E_OUTPUT,float_proj_mixed_attention,0,294,0.026784962
E2E_OUTPUT,float_proj_mixed_attention,0,295,-0.0740254447
E2E_OUTPUT,float_proj_mixed_attention,0,296,-0.0141931996
E2E_OUTPUT,float_proj_mixed_attention,0,297,0.00441515446
E2E_OUTPUT,float_proj_mixed_attention,0,298,0.0916412994
E2E_OUTPUT,float_proj_mixed_attention,0,299,0.0271919817
E2E_OUTPUT,float_proj_mixed_attention,0,300,-0.059548147
E2E_OUTPUT,float_proj_mixed_attention,0,301,0.020432258
E2E_OUTPUT,float_proj_mixed_attention,0,302,0.00857286807
E2E_OUTPUT,float_proj_mixed_attention,0,303,0.0284410287
E2E_OUTPUT,float_proj_mixed_attention,0,304,0.0114690755
E2E_OUTPUT,float_proj_mixed_attention,0,305,-0.00726526324
E2E_OUTPUT,float_proj_mixed_attention,0,306,-0.0198723897
E2E_OUTPUT,float_proj_mixed_attention,0,307,0.00874398742
E2E_OUTPUT,float_proj_mixed_attention,0,308,-0.0138106775
E2E_OUTPUT,float_proj_mixed_attention,0,309,-0.0018334107
E2E_OUTPUT,float_proj_mixed_attention,0,310,0.0314761959
E2E_OUTPUT,float_proj_mixed_attention,0,311,0.00563160842
E2E_OUTPUT,float_proj_mixed_attention,0,312,0.0167459361
E2E_OUTPUT,float_proj_mixed_attention,0,313,-0.0675772354
E2E_OUTPUT,float_proj_mixed_attention,0,314,0.00694860192
E2E_OUTPUT,float_proj_mixed_attention,0,315,0.0404377989
E2E_OUTPUT,float_proj_mixed_attention,0,316,5.3900294e-05
E2E_OUTPUT,float_proj_mixed_attention,0,317,0.0135121467
E2E_OUTPUT,float_proj_mixed_attention,0,318,-0.0464434288
E2E_OUTPUT,float_proj_mixed_attention,0,319,0.0301344804
E2E_OUTPUT,float_proj_mixed_attention,0,320,-0.00545937009
E2E_OUTPUT,float_proj_mixed_attention,0,321,0.0287306942
E2E_OUTPUT,float_proj_mixed_attention,0,322,0.0557630025
E2E_OUTPUT,float_proj_mixed_attention,0,323,-0.0407528728
E2E_OUTPUT,float_proj_mixed_attention,0,324,0.016729176
E2E_OUTPUT,float_proj_mixed_attention,0,325,-0.0249732416
E2E_OUTPUT,float_proj_mixed_attention,0,326,0.0299781896
E2E_OUTPUT,float_proj_mixed_attention,0,327,-0.0683095008
E2E_OUTPUT,float_proj_mixed_attention,0,328,-0.013291277
E2E_OUTPUT,float_proj_mixed_attention,0,329,0.000319296727
E2E_OUTPUT,float_proj_mixed_attention,0,330,0.0911870897
E2E_OUTPUT,float_proj_mixed_attention,0,331,0.0295375846
E2E_OUTPUT,float_proj_mixed_attention,0,332,-0.0606125556
E2E_OUTPUT,float_proj_mixed_attention,0,333,0.0178347249
E2E_OUTPUT,float_proj_mixed_attention,0,334,0.0124639114
E2E_OUTPUT,float_proj_mixed_attention,0,335,0.0264019649
E2E_OUTPUT,float_proj_mixed_attention,0,336,0.0103442604
E2E_OUTPUT,float_proj_mixed_attention,0,337,-0.00593004888
E2E_OUTPUT,float_proj_mixed_attention,0,338,-0.0269817188
E2E_OUTPUT,float_proj_mixed_attention,0,339,0.0104036704
E2E_OUTPUT,float_proj_mixed_attention,0,340,-0.0185394064
E2E_OUTPUT,float_proj_mixed_attention,0,341,0.00169445015
E2E_OUTPUT,float_proj_mixed_attention,0,342,0.0364215486
E2E_OUTPUT,float_proj_mixed_attention,0,343,0.00433432776
E2E_OUTPUT,float_proj_mixed_attention,0,344,0.0124149602
E2E_OUTPUT,float_proj_mixed_attention,0,345,-0.0692262203
E2E_OUTPUT,float_proj_mixed_attention,0,346,0.00905061886
E2E_OUTPUT,float_proj_mixed_attention,0,347,0.0393829383
E2E_OUTPUT,float_proj_mixed_attention,0,348,0.00210925611
E2E_OUTPUT,float_proj_mixed_attention,0,349,0.0134689035
E2E_OUTPUT,float_proj_mixed_attention,0,350,-0.0475365967
E2E_OUTPUT,float_proj_mixed_attention,0,351,0.0325481892
E2E_OUTPUT,float_proj_mixed_attention,0,352,-0.010176681
E2E_OUTPUT,float_proj_mixed_attention,0,353,0.0304434262
E2E_OUTPUT,float_proj_mixed_attention,0,354,0.0621504933
E2E_OUTPUT,float_proj_mixed_attention,0,355,-0.0391522609
E2E_OUTPUT,float_proj_mixed_attention,0,356,0.0142027205
E2E_OUTPUT,float_proj_mixed_attention,0,357,-0.0189840794
E2E_OUTPUT,float_proj_mixed_attention,0,358,0.0191628952
E2E_OUTPUT,float_proj_mixed_attention,0,359,-0.0733610243
E2E_OUTPUT,float_proj_mixed_attention,0,360,-0.0184835736
E2E_OUTPUT,float_proj_mixed_attention,0,361,0.00806581602
E2E_OUTPUT,float_proj_mixed_attention,0,362,0.0902382284
E2E_OUTPUT,float_proj_mixed_attention,0,363,0.0257426482
E2E_OUTPUT,float_proj_mixed_attention,0,364,-0.054821495
E2E_OUTPUT,float_proj_mixed_attention,0,365,0.014152742
E2E_OUTPUT,float_proj_mixed_attention,0,366,0.00605845824
E2E_OUTPUT,float_proj_mixed_attention,0,367,0.0224747434
E2E_OUTPUT,float_proj_mixed_attention,0,368,0.016334746
E2E_OUTPUT,float_proj_mixed_attention,0,369,-0.00439677015
E2E_OUTPUT,float_proj_mixed_attention,0,370,-0.018020289
E2E_OUTPUT,float_proj_mixed_attention,0,371,0.00988306012
E2E_OUTPUT,float_proj_mixed_attention,0,372,-0.0152465701
E2E_OUTPUT,float_proj_mixed_attention,0,373,-0.00607716339
E2E_OUTPUT,float_proj_mixed_attention,0,374,0.0293408092
E2E_OUTPUT,float_proj_mixed_attention,0,375,0.00324918004
E2E_OUTPUT,float_proj_mixed_attention,0,376,0.0228179824
E2E_OUTPUT,float_proj_mixed_attention,0,377,-0.0691741332
E2E_OUTPUT,float_proj_mixed_attention,0,378,0.00678974111
E2E_OUTPUT,float_proj_mixed_attention,0,379,0.0421743952
E2E_OUTPUT,float_proj_mixed_attention,0,380,0.00142066739
E2E_OUTPUT,float_proj_mixed_attention,0,381,0.0127035389
E2E_OUTPUT,float_proj_mixed_attention,0,382,-0.0550526939
E2E_OUTPUT,float_proj_mixed_attention,0,383,0.0306411404
E2E_OUTPUT,float_proj_mixed_attention,0,384,0
E2E_OUTPUT,float_proj_mixed_attention,0,385,0
E2E_OUTPUT,float_proj_mixed_attention,0,386,0
E2E_OUTPUT,float_proj_mixed_attention,0,387,0
E2E_OUTPUT,float_proj_mixed_attention,0,388,0
E2E_OUTPUT,float_proj_mixed_attention,0,389,0
E2E_OUTPUT,float_proj_mixed_attention,0,390,0
E2E_OUTPUT,float_proj_mixed_attention,0,391,0
E2E_OUTPUT,float_proj_mixed_attention,0,392,0
E2E_OUTPUT,float_proj_mixed_attention,0,393,0
E2E_OUTPUT,float_proj_mixed_attention,0,394,0
E2E_OUTPUT,float_proj_mixed_attention,0,395,0
E2E_OUTPUT,float_proj_mixed_attention,0,396,0
E2E_OUTPUT,float_proj_mixed_attention,0,397,0
E2E_OUTPUT,float_proj_mixed_attention,0,398,0
E2E_OUTPUT,float_proj_mixed_attention,0,399,0
E2E_OUTPUT,float_proj_mixed_attention,0,400,0
E2E_OUTPUT,float_proj_mixed_attention,0,401,0
E2E_OUTPUT,float_proj_mixed_attention,0,402,0
E2E_OUTPUT,float_proj_mixed_attention,0,403,0
E2E_OUTPUT,float_proj_mixed_attention,0,404,0
E2E_OUTPUT,float_proj_mixed_attention,0,405,0
E2E_OUTPUT,float_proj_mixed_attention,0,406,0
E2E_OUTPUT,float_proj_mixed_attention,0,407,0
E2E_OUTPUT,float_proj_mixed_attention,0,408,0
E2E_OUTPUT,float_proj_mixed_attention,0,409,0
E2E_OUTPUT,float_proj_mixed_attention,0,410,0
E2E_OUTPUT,float_proj_mixed_attention,0,411,0
E2E_OUTPUT,float_proj_mixed_attention,0,412,0
E2E_OUTPUT,float_proj_mixed_attention,0,413,0
E2E_OUTPUT,float_proj_mixed_attention,0,414,0
E2E_OUTPUT,float_proj_mixed_attention,0,415,0
E2E_OUTPUT,float_proj_mixed_attention,0,416,-0.0032942337
E2E_OUTPUT,float_proj_mixed_attention,0,417,0.0256785825
E2E_OUTPUT,float_proj_mixed_attention,0,418,0.0584861338
E2E_OUTPUT,float_proj_mixed_attention,0,419,-0.0395682231
E2E_OUTPUT,float_proj_mixed_attention,0,420,0.0120558161
E2E_OUTPUT,float_proj_mixed_attention,0,421,-0.0201562773
E2E_OUTPUT,float_proj_mixed_attention,0,422,0.0269150026
E2E_OUTPUT,float_proj_mixed_attention,0,423,-0.0726066902
E2E_OUTPUT,float_proj_mixed_attention,0,424,-0.0153616928
E2E_OUTPUT,float_proj_mixed_attention,0,425,0.00701492745
E2E_OUTPUT,float_proj_mixed_attention,0,426,0.0877883434
E2E_OUTPUT,float_proj_mixed_attention,0,427,0.0263423584
E2E_OUTPUT,float_proj_mixed_attention,0,428,-0.0580549091
E2E_OUTPUT,float_proj_mixed_attention,0,429,0.0154747311
E2E_OUTPUT,float_proj_mixed_attention,0,430,0.00509814313
E2E_OUTPUT,float_proj_mixed_attention,0,431,0.0286056735
E2E_OUTPUT,float_proj_mixed_attention,0,432,0.0154907834
E2E_OUTPUT,float_proj_mixed_attention,0,433,-0.00361881405
E2E_OUTPUT,float_proj_mixed_attention,0,434,-0.0179961864
E2E_OUTPUT,float_proj_mixed_attention,0,435,0.0129029416
E2E_OUTPUT,float_proj_mixed_attention,0,436,-0.0163326934
E2E_OUTPUT,float_proj_mixed_attention,0,437,-0.000586117152
E2E_OUTPUT,float_proj_mixed_attention,0,438,0.0273909904
E2E_OUTPUT,float_proj_mixed_attention,0,439,0.00913863629
E2E_OUTPUT,float_proj_mixed_attention,0,440,0.0177705884
E2E_OUTPUT,float_proj_mixed_attention,0,441,-0.0682023466
E2E_OUTPUT,float_proj_mixed_attention,0,442,0.0111510493
E2E_OUTPUT,float_proj_mixed_attention,0,443,0.0359018818
E2E_OUTPUT,float_proj_mixed_attention,0,444,0.00545343757
E2E_OUTPUT,float_proj_mixed_attention,0,445,0.0134283472
E2E_OUTPUT,float_proj_mixed_attention,0,446,-0.0540962853
E2E_OUTPUT,float_proj_mixed_attention,0,447,0.029261224
E2E_OUTPUT,float_proj_mixed_attention,0,448,-0.00176852429
E2E_OUTPUT,float_proj_mixed_attention,0,449,0.0245086737
E2E_OUTPUT,float_proj_mixed_attention,0,450,0.0559611991
E2E_OUTPUT,float_proj_mixed_attention,0,451,-0.0387714468
E2E_OUTPUT,float_proj_mixed_attention,0,452,0.012674259
E2E_OUTPUT,float_proj_mixed_attention,0,453,-0.0215163622
E2E_OUTPUT,float_proj_mixed_attention,0,454,0.0267031547
E2E_OUTPUT,float_proj_mixed_attention,0,455,-0.0671138316
E2E_OUTPUT,float_proj_mixed_attention,0,456,-0.0147191957
E2E_OUTPUT,float_proj_mixed_attention,0,457,0.00321629737
E2E_OUTPUT,float_proj_mixed_attention,0,458,0.0868192017
E2E_OUTPUT,float_proj_mixed_attention,0,459,0.0273838192
E2E_OUTPUT,float_proj_mixed_attention,0,460,-0.0582354367
E2E_OUTPUT,float_proj_mixed_attention,0,461,0.0165405888
E2E_OUTPUT,float_proj_mixed_attention,0,462,0.0119420188
E2E_OUTPUT,float_proj_mixed_attention,0,463,0.0282997061
E2E_OUTPUT,float_proj_mixed_attention,0,464,0.00982648786
E2E_OUTPUT,float_proj_mixed_attention,0,465,-0.00462124823
E2E_OUTPUT,float_proj_mixed_attention,0,466,-0.0202496871
E2E_OUTPUT,float_proj_mixed_attention,0,467,0.010231371
E2E_OUTPUT,float_proj_mixed_attention,0,468,-0.0172667503
E2E_OUTPUT,float_proj_mixed_attention,0,469,0.000670495676
E2E_OUTPUT,float_proj_mixed_attention,0,470,0.0303376447
E2E_OUTPUT,float_proj_mixed_attention,0,471,0.0122238761
E2E_OUTPUT,float_proj_mixed_attention,0,472,0.0158423018
E2E_OUTPUT,float_proj_mixed_attention,0,473,-0.0709771067
E2E_OUTPUT,float_proj_mixed_attention,0,474,0.00671391562
E2E_OUTPUT,float_proj_mixed_attention,0,475,0.0380730815
E2E_OUTPUT,float_proj_mixed_attention,0,476,0.00316322036
E2E_OUTPUT,float_proj_mixed_attention,0,477,0.0129880998
E2E_OUTPUT,float_proj_mixed_attention,0,478,-0.0490369014
E2E_OUTPUT,float_proj_mixed_attention,0,479,0.0278802365
E2E_OUTPUT,float_proj_mixed_attention,0,480,-0.0062421374
E2E_OUTPUT,float_proj_mixed_attention,0,481,0.0234968364
E2E_OUTPUT,float_proj_mixed_attention,0,482,0.0610217229
E2E_OUTPUT,float_proj_mixed_attention,0,483,-0.0377923101
E2E_OUTPUT,float_proj_mixed_attention,0,484,0.00737367198
E2E_OUTPUT,float_proj_mixed_attention,0,485,-0.0198343229
E2E_OUTPUT,float_proj_mixed_attention,0,486,0.0225529745
E2E_OUTPUT,float_proj_mixed_attention,0,487,-0.0683823153
E2E_OUTPUT,float_proj_mixed_attention,0,488,-0.0155487182
E2E_OUTPUT,float_proj_mixed_attention,0,489,0.00805427693
E2E_OUTPUT,float_proj_mixed_attention,0,490,0.0869585797
E2E_OUTPUT,float_proj_mixed_attention,0,491,0.0251505338
E2E_OUTPUT,float_proj_mixed_attention,0,492,-0.0554167777
E2E_OUTPUT,float_proj_mixed_attention,0,493,0.0187661499
E2E_OUTPUT,float_proj_mixed_attention,0,494,0.00904574804
E2E_OUTPUT,float_proj_mixed_attention,0,495,0.0267208721
E2E_OUTPUT,float_proj_mixed_attention,0,496,0.0104219094
E2E_OUTPUT,float_proj_mixed_attention,0,497,-0.00491587166
E2E_OUTPUT,float_proj_mixed_attention,0,498,-0.0129553843
E2E_OUTPUT,float_proj_mixed_attention,0,499,0.00917867012
E2E_OUTPUT,float_proj_mixed_attention,0,500,-0.0151218008
E2E_OUTPUT,float_proj_mixed_attention,0,501,-0.00481733028
E2E_OUTPUT,float_proj_mixed_attention,0,502,0.0301012751
E2E_OUTPUT,float_proj_mixed_attention,0,503,0.011601557
E2E_OUTPUT,float_proj_mixed_attention,0,504,0.017157292
E2E_OUTPUT,float_proj_mixed_attention,0,505,-0.0644609407
E2E_OUTPUT,float_proj_mixed_attention,0,506,0.00536857871
E2E_OUTPUT,float_proj_mixed_attention,0,507,0.0391012579
E2E_OUTPUT,float_proj_mixed_attention,0,508,0.00122380117
E2E_OUTPUT,float_proj_mixed_attention,0,509,0.0145300841
E2E_OUTPUT,float_proj_mixed_attention,0,510,-0.0506900214
E2E_OUTPUT,float_proj_mixed_attention,0,511,0.0273642968
E2E_RESULT,int16_act_int8_proj_mixed_attention,0,132291,43362,3.050851,96,21600,0.000451894477,24.4962807,0,PASS
E2E_OUTPUT,int16_act_int8_proj_mixed_attention,0,0,-0.00839644577
E2E_OUTPUT,int16_act_int8_proj_mixed_attention,0,1,0.0282833446
E2E_OUTPUT,int16_act_int8_proj_mixed_attention,0,2,0.0635134503
E2E_OUTPUT,int16_act_int8_proj_mixed_attention,0,3,-0.0404266752
E2E_OUTPUT,int16_act_int8_proj_mixed_attention,0,4,0.014112927
E2E_OUTPUT,int16_act_int8_proj_mixed_attention,0,5,-0.0210921578
E2E_OUTPUT,int16_act_int8_proj_mixed_attention,0,6,0.0239831433
E2E_OUTPUT,int16_act_int8_proj_mixed_attention,0,7,-0.0686581582
E2E_OUTPUT,int16_act_int8_proj_mixed_attention,0,8,-0.0159794632
E2E_OUTPUT,int16_act_int8_proj_mixed_attention,0,9,0.00424637552
E2E_OUTPUT,int16_act_int8_proj_mixed_attention,0,10,0.0888401568
E2E_OUTPUT,int16_act_int8_proj_mixed_attention,0,11,0.0267037954
E2E_OUTPUT,int16_act_int8_proj_mixed_attention,0,12,-0.0563888662
E2E_OUTPUT,int16_act_int8_proj_mixed_attention,0,13,0.0176542457
E2E_OUTPUT,int16_act_int8_proj_mixed_attention,0,14,0.0127320345
E2E_OUTPUT,int16_act_int8_proj_mixed_attention,0,15,0.0215430856
E2E_OUTPUT,int16_act_int8_proj_mixed_attention,0,16,0.0128661133
E2E_OUTPUT,int16_act_int8_proj_mixed_attention,0,17,-0.00556951296
E2E_OUTPUT,int16_act_int8_proj_mixed_attention,0,18,-0.0208399408
E2E_OUTPUT,int16_act_int8_proj_mixed_attention,0,19,0.0115467552
E2E_OUTPUT,int16_act_int8_proj_mixed_attention,0,20,-0.0178352445
E2E_OUTPUT,int16_act_int8_proj_mixed_attention,0,21,-0.00568496156
E2E_OUTPUT,int16_act_int8_proj_mixed_attention,0,22,0.031067621
E2E_OUTPUT,int16_act_int8_proj_mixed_attention,0,23,0.00436046533
E2E_OUTPUT,int16_act_int8_proj_mixed_attention,0,24,0.0212557968
E2E_OUTPUT,int16_act_int8_proj_mixed_attention,0,25,-0.0700078681
E2E_OUTPUT,int16_act_int8_proj_mixed_attention,0,26,0.00662172772
E2E_OUTPUT,int16_act_int8_proj_mixed_attention,0,27,0.0413369872
E2E_OUTPUT,int16_act_int8_proj_mixed_attention,0,28,-5.89247793e-05
E2E_OUTPUT,int16_act_int8_proj_mixed_attention,0,29,0.0128198788
E2E_OUTPUT,int16_act_int8_proj_mixed_attention,0,30,-0.0529683903
E2E_OUTPUT,int16_act_int8_proj_mixed_attention,0,31,0.0286025889
E2E_OUTPUT,int16_act_int8_proj_mixed_attention,0,32,-0.00565074291
E2E_OUTPUT,int16_act_int8_proj_mixed_attention,0,33,0.0289748944
E2E_OUTPUT,int16_act_int8_proj_mixed_attention,0,34,0.0612687804
E2E_OUTPUT,int16_act_int8_proj_mixed_attention,0,35,-0.0390902571
E2E_OUTPUT,int16_act_int8_proj_mixed_attention,0,36,0.010386778
E2E_OUTPUT,int16_act_int8_proj_mixed_attention,0,37,-0.021113785
E2E_OUTPUT,int16_act_int8_proj_mixed_attention,0,38,0.0239673462
E2E_OUTPUT,int16_act_int8_proj_mixed_attention,0,39,-0.0659945905
E2E_OUTPUT,int16_act_int8_proj_mixed_attention,0,40,-0.0166190732
E2E_OUTPUT,int16_act_int8_proj_mixed_attention,0,41,0.00538738957
E2E_OUTPUT,int16_act_int8_proj_mixed_attention,0,42,0.0883158669
E2E_OUTPUT,int16_act_int8_proj_mixed_attention,0,43,0.026391888
E2E_OUTPUT,int16_act_int8_proj_mixed_attention,0,44,-0.0564391129
E2E_OUTPUT,int16_act_int8_proj_mixed_attention,0,45,0.0173631199
E2E_OUTPUT,int16_act_int8_proj_mixed_attention,0,46,0.0105425743
E2E_OUTPUT,int16_act_int8_proj_mixed_attention,0,47,0.0208612755
E2E_OUTPUT,int16_act_int8_proj_mixed_attention,0,48,0.0139868557
E2E_OUTPUT,int16_act_int8_proj_mixed_attention,0,49,-0.00391965359
E2E_OUTPUT,int16_act_int8_proj_mixed_attention,0,50,-0.0172408968
E2E_OUTPUT,int16_act_int8_proj_mixed_attention,0,51,0.010597446
E2E_OUTPUT,int16_act_int8_proj_mixed_attention,0,52,-0.0180361941
E2E_OUTPUT,int16_act_int8_proj_mixed_attention,0,53,-0.00488669984
E2E_OUTPUT,int16_act_int8_proj_mixed_attention,0,54,0.0277081914
E2E_OUTPUT,int16_act_int8_proj_mixed_attention,0,55,0.00513155945
E2E_OUTPUT,int16_act_int8_proj_mixed_attention,0,56,0.0196255576
E2E_OUTPUT,int16_act_int8_proj_mixed_attention,0,57,-0.0659613758
E2E_OUTPUT,int16_act_int8_proj_mixed_attention,0,58,0.00890465826
E2E_OUTPUT,int16_act_int8_proj_mixed_attention,0,59,0.0378596447
E2E_OUTPUT,int16_act_int8_proj_mixed_attention,0,60,0.000248619355
E2E_OUTPUT,int16_act_int8_proj_mixed_attention,0,61,0.0122213252
E2E_OUTPUT,int16_act_int8_proj_mixed_attention,0,62,-0.0545261391
E2E_OUTPUT,int16_act_int8_proj_mixed_attention,0,63,0.0316077843
E2E_OUTPUT,int16_act_int8_proj_mixed_attention,0,64,-0.00631729839
E2E_OUTPUT,int16_act_int8_proj_mixed_attention,0,65,0.0296139698
E2E_OUTPUT,int16_act_int8_proj_mixed_attention,0,66,0.0566569716
E2E_OUTPUT,int16_act_int8_proj_mixed_attention,0,67,-0.0407802872
E2E_OUTPUT,int16_act_int8_proj_mixed_attention,0,68,0.0163269583
E2E_OUTPUT,int16_act_int8_proj_mixed_attention,0,69,-0.0228580981
E2E_OUTPUT,int16_act_int8_proj_mixed_attention,0,70,0.0302099045
E2E_OUTPUT,int16_act_int8_proj_mixed_attention,0,71,-0.0679716244
E2E_OUTPUT,int16_act_int8_proj_mixed_attention,0,72,-0.0166812427
E2E_OUTPUT,int16_act_int8_proj_mixed_attention,0,73,0.00190852885
E2E_OUTPUT,int16_act_int8_proj_mixed_attention,0,74,0.0926076919
E2E_OUTPUT,int16_act_int8_proj_mixed_attention,0,75,0.0251357183
E2E_OUTPUT,int16_act_int8_proj_mixed_attention,0,76,-0.0610661879
E2E_OUTPUT,int16_act_int8_proj_mixed_attention,0,77,0.0184689276
E2E_OUTPUT,int16_act_int8_proj_mixed_attention,0,78,0.0153695215
E2E_OUTPUT,int16_act_int8_proj_mixed_attention,0,79,0.0251985341
E2E_OUTPUT,int16_act_int8_proj_mixed_attention,0,80,0.0100509599
E2E_OUTPUT,int16_act_int8_proj_mixed_attention,0,81,-0.0030588638
E2E_OUTPUT,int16_act_int8_proj_mixed_attention,0,82,-0.0222841892
E2E_OUTPUT,int16_act_int8_proj_mixed_attention,0,83,0.011276667
E2E_OUTPUT,int16_act_int8_proj_mixed_attention,0,84,-0.0163112953
E2E_OUTPUT,int16_act_int8_proj_mixed_attention,0,85,-0.00548007432
E2E_OUTPUT,int16_act_int8_proj_mixed_attention,0,86,0.0322286896
E2E_OUTPUT,int16_act_int8_proj_mixed_attention,0,87,0.00764031475
E2E_OUTPUT,int16_act_int8_proj_mixed_attention,0,88,0.018854944
E2E_OUTPUT,int16_act_int8_proj_mixed_attention,0,89,-0.0678133592
E2E_OUTPUT,int16_act_int8_proj_mixed_attention,0,90,0.00677482598
E2E_OUTPUT,int16_act_int8_proj_mixed_attention,0,91,0.0396700688
E2E_OUTPUT,int16_act_int8_proj_mixed_attention,0,92,0.000215905719
E2E_OUTPUT,int16_act_int8_proj_mixed_attention,0,93,0.0149645023
E2E_OUTPUT,int16_act_int8_proj_mixed_attention,0,94,-0.0472451039
E2E_OUTPUT,int16_act_int8_proj_mixed_attention,0,95,0.026679121
E2E_OUTPUT,int16_act_int8_proj_mixed_attention,0,96,-0.00292300503
E2E_OUTPUT,int16_act_int8_proj_mixed_attention,0,97,0.0242159255
E2E_OUTPUT,int16_act_int8_proj_mixed_attention,0,98,0.0606577955
E2E_OUTPUT,int16_act_int8_proj_mixed_attention,0,99,-0.0418342948
E2E_OUTPUT,int16_act_int8_proj_mixed_attention,0,100,0.0133258533
E2E_OUTPUT,int16_act_int8_proj_mixed_attention,0,101,-0.0219148546
E2E_OUTPUT,int16_act_int8_proj_mixed_attention,0,102,0.0305647012
E2E_OUTPUT,int16_act_int8_proj_mixed_attention,0,103,-0.069194302
E2E_OUTPUT,int16_act_int8_proj_mixed_attention,0,104,-0.0131291049
E2E_OUTPUT,int16_act_int8_proj_mixed_attention,0,105,0.00250686193
E2E_OUTPUT,int16_act_int8_proj_mixed_attention,0,106,0.088839151
E2E_OUTPUT,int16_act_int8_proj_mixed_attention,0,107,0.0274571851
E2E_OUTPUT,int16_act_int8_proj_mixed_attention,0,108,-0.0600123592
E2E_OUTPUT,int16_act_int8_proj_mixed_attention,0,109,0.0200066045
E2E_OUTPUT,int16_act_int8_proj_mixed_attention,0,110,0.0112812724
E2E_OUTPUT,int16_act_int8_proj_mixed_attention,0,111,0.0285676755
E2E_OUTPUT,int16_act_int8_proj_mixed_attention,0,112,0.00964087248
E2E_OUTPUT,int16_act_int8_proj_mixed_attention,0,113,-0.00497334637
E2E_OUTPUT,int16_act_int8_proj_mixed_attention,0,114,-0.0210822579
E2E_OUTPUT,int16_act_int8_proj_mixed_attention,0,115,0.0123630315
E2E_OUTPUT,int16_act_int8_proj_mixed_attention,0,116,-0.0183430426
E2E_OUTPUT,int16_act_int8_proj_mixed_attention,0,117,9.30652022e-05
E2E_OUTPUT,int16_act_int8_proj_mixed_attention,0,118,0.0294899568
E2E_OUTPUT,int16_act_int8_proj_mixed_attention,0,119,0.00776752504
E2E_OUTPUT,int16_act_int8_proj_mixed_attention,0,120,0.0161127131
E2E_OUTPUT,int16_act_int8_proj_mixed_attention,0,121,-0.0692174584
E2E_OUTPUT,int16_act_int8_proj_mixed_attention,0,122,0.00726670399
E2E_OUTPUT,int16_act_int8_proj_mixed_attention,0,123,0.0384258069
E2E_OUTPUT,int16_act_int8_proj_mixed_attention,0,124,0.00256596599
E2E_OUTPUT,int16_act_int8_proj_mixed_attention,0,125,0.0138575453
E2E_OUTPUT,int16_act_int8_proj_mixed_attention,0,126,-0.0488508381
E2E_OUTPUT,int16_act_int8_proj_mixed_attention,0,127,0.0290449858
E2E_OUTPUT,int16_act_int8_proj_mixed_attention,0,128,-0.00937520433
E2E_OUTPUT,int16_act_int8_proj_mixed_attention,0,129,0.0274154935
E2E_OUTPUT,int16_act_int8_proj_mixed_attention,0,130,0.0585493781
E2E_OUTPUT,int16_act_int8_proj_mixed_attention,0,131,-0.0389510319
E2E_OUTPUT,int16_act_int8_proj_mixed_attention,0,132,0.0121883862
E2E_OUTPUT,int16_act_int8_proj_mixed_attention,0,133,-0.0160430074
E2E_OUTPUT,int16_act_int8_proj_mixed_attention,0,134,0.0214034375
E2E_OUTPUT,int16_act_int8_proj_mixed_attention,0,135,-0.0780859441
E2E_OUTPUT,int16_act_int8_proj_mixed_attention,0,136,-0.0132554695
E2E_OUTPUT,int16_act_int8_proj_mixed_attention,0,137,0.00403958932
E2E_OUTPUT,int16_act_int8_proj_mixed_attention,0,138,0.0921132565
E2E_OUTPUT,int16_act_int8_proj_mixed_attention,0,139,0.0266149119
E2E_OUTPUT,int16_act_int8_proj_mixed_attention,0,140,-0.0599788651
E2E_OUTPUT,int16_act_int8_proj_mixed_attention,0,141,0.0174800456
E2E_OUTPUT,int16_act_int8_proj_mixed_attention,0,142,0.00585846975
E2E_OUTPUT,int16_act_int8_proj_mixed_attention,0,143,0.0282662753
E2E_OUTPUT,int16_act_int8_proj_mixed_attention,0,144,0.0137001574
E2E_OUTPUT,int16_act_int8_proj_mixed_attention,0,145,-0.00616689073
E2E_OUTPUT,int16_act_int8_proj_mixed_attention,0,146,-0.0144366333
E2E_OUTPUT,int16_act_int8_proj_mixed_attention,0,147,0.00669447333
E2E_OUTPUT,int16_act_int8_proj_mixed_attention,0,148,-0.0120289363
E2E_OUTPUT,int16_act_int8_proj_mixed_attention,0,149,-0.00593389478
E2E_OUTPUT,int16_act_int8_proj_mixed_attention,0,150,0.0299532153
E2E_OUTPUT,int16_act_int8_proj_mixed_attention,0,151,0.00732202269
E2E_OUTPUT,int16_act_int8_proj_mixed_attention,0,152,0.0180806443
E2E_OUTPUT,int16_act_int8_proj_mixed_attention,0,153,-0.0650844574
E2E_OUTPUT,int16_act_int8_proj_mixed_attention,0,154,0.00511610694
E2E_OUTPUT,int16_act_int8_proj_mixed_attention,0,155,0.0357926786
E2E_OUTPUT,int16_act_int8_proj_mixed_attention,0,156,0.00728968531
E2E_OUTPUT,int16_act_int8_proj_mixed_attention,0,157,0.0140652591
E2E_OUTPUT,int16_act_int8_proj_mixed_attention,0,158,-0.0486540049
E2E_OUTPUT,int16_act_int8_proj_mixed_attention,0,159,0.0273519382
E2E_OUTPUT,int16_act_int8_proj_mixed_attention,0,160,0
E2E_OUTPUT,int16_act_int8_proj_mixed_attention,0,161,0
E2E_OUTPUT,int16_act_int8_proj_mixed_attention,0,162,0
E2E_OUTPUT,int16_act_int8_proj_mixed_attention,0,163,0
E2E_OUTPUT,int16_act_int8_proj_mixed_attention,0,164,0
E2E_OUTPUT,int16_act_int8_proj_mixed_attention,0,165,0
E2E_OUTPUT,int16_act_int8_proj_mixed_attention,0,166,0
E2E_OUTPUT,int16_act_int8_proj_mixed_attention,0,167,0
E2E_OUTPUT,int16_act_int8_proj_mixed_attention,0,168,0
E2E_OUTPUT,int16_act_int8_proj_mixed_attention,0,169,0
E2E_OUTPUT,int16_act_int8_proj_mixed_attention,0,170,0
E2E_OUTPUT,int16_act_int8_proj_mixed_attention,0,171,0
E2E_OUTPUT,int16_act_int8_proj_mixed_attention,0,172,0
E2E_OUTPUT,int16_act_int8_proj_mixed_attention,0,173,0
E2E_OUTPUT,int16_act_int8_proj_mixed_attention,0,174,0
E2E_OUTPUT,int16_act_int8_proj_mixed_attention,0,175,0
E2E_OUTPUT,int16_act_int8_proj_mixed_attention,0,176,0
E2E_OUTPUT,int16_act_int8_proj_mixed_attention,0,177,0
E2E_OUTPUT,int16_act_int8_proj_mixed_attention,0,178,0
E2E_OUTPUT,int16_act_int8_proj_mixed_attention,0,179,0
E2E_OUTPUT,int16_act_int8_proj_mixed_attention,0,180,0
E2E_OUTPUT,int16_act_int8_proj_mixed_attention,0,181,0
E2E_OUTPUT,int16_act_int8_proj_mixed_attention,0,182,0
E2E_OUTPUT,int16_act_int8_proj_mixed_attention,0,183,0
E2E_OUTPUT,int16_act_int8_proj_mixed_attention,0,184,0
E2E_OUTPUT,int16_act_int8_proj_mixed_attention,0,185,0
E2E_OUTPUT,int16_act_int8_proj_mixed_attention,0,186,0
E2E_OUTPUT,int16_act_int8_proj_mixed_attention,0,187,0
E2E_OUTPUT,int16_act_int8_proj_mixed_attention,0,188,0
E2E_OUTPUT,int16_act_int8_proj_mixed_attention,0,189,0
E2E_OUTPUT,int16_act_int8_proj_mixed_attention,0,190,0
E2E_OUTPUT,int16_act_int8_proj_mixed_attention,0,191,0
E2E_OUTPUT,int16_act_int8_proj_mixed_attention,0,192,-0.00959761627
E2E_OUTPUT,int16_act_int8_proj_mixed_attention,0,193,0.030338753
E2E_OUTPUT,int16_act_int8_proj_mixed_attention,0,194,0.0658972859
E2E_OUTPUT,int16_act_int8_proj_mixed_attention,0,195,-0.04159493
E2E_OUTPUT,int16_act_int8_proj_mixed_attention,0,196,0.0156132784
E2E_OUTPUT,int16_act_int8_proj_mixed_attention,0,197,-0.0210592784
E2E_OUTPUT,int16_act_int8_proj_mixed_attention,0,198,0.0243569613
E2E_OUTPUT,int16_act_int8_proj_mixed_attention,0,199,-0.0716418773
E2E_OUTPUT,int16_act_int8_proj_mixed_attention,0,200,-0.016914323
E2E_OUTPUT,int16_act_int8_proj_mixed_attention,0,201,0.00495162699
E2E_OUTPUT,int16_act_int8_proj_mixed_attention,0,202,0.091294609
E2E_OUTPUT,int16_act_int8_proj_mixed_attention,0,203,0.0267411489
E2E_OUTPUT,int16_act_int8_proj_mixed_attention,0,204,-0.0592151135
E2E_OUTPUT,int16_act_int8_proj_mixed_attention,0,205,0.0171269011
E2E_OUTPUT,int16_act_int8_proj_mixed_attention,0,206,0.00969601516
E2E_OUTPUT,int16_act_int8_proj_mixed_attention,0,207,0.0220698044
E2E_OUTPUT,int16_act_int8_proj_mixed_attention,0,208,0.0145019107
E2E_OUTPUT,int16_act_int8_proj_mixed_attention,0,209,-0.00138079561
E2E_OUTPUT,int16_act_int8_proj_mixed_attention,0,210,-0.018480828
E2E_OUTPUT,int16_act_int8_proj_mixed_attention,0,211,0.01401415
E2E_OUTPUT,int16_act_int8_proj_mixed_attention,0,212,-0.0198323093
E2E_OUTPUT,int16_act_int8_proj_mixed_attention,0,213,-0.00455062278
E2E_OUTPUT,int16_act_int8_proj_mixed_attention,0,214,0.0266815163
E2E_OUTPUT,int16_act_int8_proj_mixed_attention,0,215,0.00591269508
E2E_OUTPUT,int16_act_int8_proj_mixed_attention,0,216,0.0250637922
E2E_OUTPUT,int16_act_int8_proj_mixed_attention,0,217,-0.0719805509
E2E_OUTPUT,int16_act_int8_proj_mixed_attention,0,218,0.00439046882
E2E_OUTPUT,int16_act_int8_proj_mixed_attention,0,219,0.0422006845
E2E_OUTPUT,int16_act_int8_proj_mixed_attention,0,220,0.00267450511
E2E_OUTPUT,int16_act_int8_proj_mixed_attention,0,221,0.0136870453
E2E_OUTPUT,int16_act_int8_proj_mixed_attention,0,222,-0.055515781
E2E_OUTPUT,int16_act_int8_proj_mixed_attention,0,223,0.0259888694
E2E_OUTPUT,int16_act_int8_proj_mixed_attention,0,224,-0.00401076488
E2E_OUTPUT,int16_act_int8_proj_mixed_attention,0,225,0.0300519224
E2E_OUTPUT,int16_act_int8_proj_mixed_attention,0,226,0.0650526136
E2E_OUTPUT,int16_act_int8_proj_mixed_attention,0,227,-0.0461838804
E2E_OUTPUT,int16_act_int8_proj_mixed_attention,0,228,0.0189892016
E2E_OUTPUT,int16_act_int8_proj_mixed_attention,0,229,-0.0269708727
E2E_OUTPUT,int16_act_int8_proj_mixed_attention,0,230,0.032340914
E2E_OUTPUT,int16_act_int8_proj_mixed_attention,0,231,-0.0754290968
E2E_OUTPUT,int16_act_int8_proj_mixed_attention,0,232,-0.0127053056
E2E_OUTPUT,int16_act_int8_proj_mixed_attention,0,233,0.00599566288
E2E_OUTPUT,int16_act_int8_proj_mixed_attention,0,234,0.091506891
E2E_OUTPUT,int16_act_int8_proj_mixed_attention,0,235,0.0288023129
E2E_OUTPUT,int16_act_int8_proj_mixed_attention,0,236,-0.0586532317
E2E_OUTPUT,int16_act_int8_proj_mixed_attention,0,237,0.0180341396
E2E_OUTPUT,int16_act_int8_proj_mixed_attention,0,238,0.00274448819
E2E_OUTPUT,int16_act_int8_proj_mixed_attention,0,239,0.0260522831
E2E_OUTPUT,int16_act_int8_proj_mixed_attention,0,240,0.0159062445
E2E_OUTPUT,int16_act_int8_proj_mixed_attention,0,241,-0.0018337518
E2E_OUTPUT,int16_act_int8_proj_mixed_attention,0,242,-0.0282033049
E2E_OUTPUT,int16_act_int8_proj_mixed_attention,0,243,0.0177563205
E2E_OUTPUT,int16_act_int8_proj_mixed_attention,0,244,-0.0234075747
E2E_OUTPUT,int16_act_int8_proj_mixed_attention,0,245,0.00505863503
E2E_OUTPUT,int16_act_int8_proj_mixed_attention,0,246,0.0269591957
E2E_OUTPUT,int16_act_int8_proj_mixed_attention,0,247,-0.00498608407
E2E_OUTPUT,int16_act_int8_proj_mixed_attention,0,248,0.0178149901
E2E_OUTPUT,int16_act_int8_proj_mixed_attention,0,249,-0.0698525682
E2E_OUTPUT,int16_act_int8_proj_mixed_attention,0,250,0.0112651829
E2E_OUTPUT,int16_act_int8_proj_mixed_attention,0,251,0.040162567
E2E_OUTPUT,int16_act_int8_proj_mixed_attention,0,252,0.0035046339
E2E_OUTPUT,int16_act_int8_proj_mixed_attention,0,253,0.0120199826
E2E_OUTPUT,int16_act_int8_proj_mixed_attention,0,254,-0.0579276346
E2E_OUTPUT,int16_act_int8_proj_mixed_attention,0,255,0.0370962285
E2E_OUTPUT,int16_act_int8_proj_mixed_attention,0,256,-0.00174532481
E2E_OUTPUT,int16_act_int8_proj_mixed_attention,0,257,0.0277401842
E2E_OUTPUT,int16_act_int8_proj_mixed_attention,0,258,0.0561319888
E2E_OUTPUT,int16_act_int8_proj_mixed_attention,0,259,-0.0387227386
E2E_OUTPUT,int16_act_int8_proj_mixed_attention,0,260,0.0102840215
E2E_OUTPUT,int16_act_int8_proj_mixed_attention,0,261,-0.0215743184
E2E_OUTPUT,int16_act_int8_proj_mixed_attention,0,262,0.0276635736
E2E_OUTPUT,int16_act_int8_proj_mixed_attention,0,263,-0.0699112341
E2E_OUTPUT,int16_act_int8_proj_mixed_attention,0,264,-0.0188492313
E2E_OUTPUT,int16_act_int8_proj_mixed_attention,0,265,0.00588025898
E2E_OUTPUT,int16_act_int8_proj_mixed_attention,0,266,0.0921658203
E2E_OUTPUT,int16_act_int8_proj_mixed_attention,0,267,0.0246458519
E2E_OUTPUT,int16_act_int8_proj_mixed_attention,0,268,-0.0616166666
E2E_OUTPUT,int16_act_int8_proj_mixed_attention,0,269,0.0189535208
E2E_OUTPUT,int16_act_int8_proj_mixed_attention,0,270,0.01214974
E2E_OUTPUT,int16_act_int8_proj_mixed_attention,0,271,0.0253578927
E2E_OUTPUT,int16_act_int8_proj_mixed_attention,0,272,0.0110825635
E2E_OUTPUT,int16_act_int8_proj_mixed_attention,0,273,-0.00218650233
E2E_OUTPUT,int16_act_int8_proj_mixed_attention,0,274,-0.0154233025
E2E_OUTPUT,int16_act_int8_proj_mixed_attention,0,275,0.00759099098
E2E_OUTPUT,int16_act_int8_proj_mixed_attention,0,276,-0.0165679567
E2E_OUTPUT,int16_act_int8_proj_mixed_attention,0,277,-0.00113999099
E2E_OUTPUT,int16_act_int8_proj_mixed_attention,0,278,0.0262351073
E2E_OUTPUT,int16_act_int8_proj_mixed_attention,0,279,0.00966662914
E2E_OUTPUT,int16_act_int8_proj_mixed_attention,0,280,0.0184397586
E2E_OUTPUT,int16_act_int8_proj_mixed_attention,0,281,-0.0664559156
E2E_OUTPUT,int16_act_int8_proj_mixed_attention,0,282,0.00851968303
E2E_OUTPUT,int16_act_int8_proj_mixed_attention,0,283,0.0348175876
E2E_OUTPUT,int16_act_int8_proj_mixed_attention,0,284,0.00222986937
E2E_OUTPUT,int16_act_int8_proj_mixed_attention,0,285,0.0129424985
E2E_OUTPUT,int16_act_int8_proj_mixed_attention,0,286,-0.0480324253
E2E_OUTPUT,int16_act_int8_proj_mixed_attention,0,287,0.0296901241
E2E_OUTPUT,int16_act_int8_proj_mixed_attention,0,288,-0.0064400332
E2E_OUTPUT,int16_act_int8_proj_mixed_attention,0,289,0.0260593779
E2E_OUTPUT,int16_act_int8_proj_mixed_attention,0,290,0.0595046245
E2E_OUTPUT,int16_act_int8_proj_mixed_attention,0,291,-0.0412287116
E2E_OUTPUT,int16_act_int8_proj_mixed_attention,0,292,0.0137044359
E2E_OUTPUT,int16_act_int8_proj_mixed_attention,0,293,-0.019814847
E2E_OUTPUT,int16_act_int8_proj_mixed_attention,0,294,0.0270538814
E2E_OUTPUT,int16_act_int8_proj_mixed_attention,0,295,-0.074388586
E2E_OUTPUT,int16_act_int8_proj_mixed_attention,0,296,-0.0142260399
E2E_OUTPUT,int16_act_int8_proj_mixed_attention,0,297,0.00438763341
E2E_OUTPUT,int16_act_int8_proj_mixed_attention,0,298,0.0920527726
E2E_OUTPUT,int16_act_int8_proj_mixed_attention,0,299,0.0273769796
E2E_OUTPUT,int16_act_int8_proj_mixed_attention,0,300,-0.0599308647
E2E_OUTPUT,int16_act_int8_proj_mixed_attention,0,301,0.0202227887
E2E_OUTPUT,int16_act_int8_proj_mixed_attention,0,302,0.00846370962
E2E_OUTPUT,int16_act_int8_proj_mixed_attention,0,303,0.0286892634
E2E_OUTPUT,int16_act_int8_proj_mixed_attention,0,304,0.011431735
E2E_OUTPUT,int16_act_int8_proj_mixed_attention,0,305,-0.00712028891
E2E_OUTPUT,int16_act_int8_proj_mixed_attention,0,306,-0.0198790878
E2E_OUTPUT,int16_act_int8_proj_mixed_attention,0,307,0.00855291728
E2E_OUTPUT,int16_act_int8_proj_mixed_attention,0,308,-0.013936393
E2E_OUTPUT,int16_act_int8_proj_mixed_attention,0,309,-0.00200627744
E2E_OUTPUT,int16_act_int8_proj_mixed_attention,0,310,0.0312778093
E2E_OUTPUT,int16_act_int8_proj_mixed_attention,0,311,0.00539396144
E2E_OUTPUT,int16_act_int8_proj_mixed_attention,0,312,0.0166344084
E2E_OUTPUT,int16_act_int8_proj_mixed_attention,0,313,-0.0675861835
E2E_OUTPUT,int16_act_int8_proj_mixed_attention,0,314,0.00710871443
E2E_OUTPUT,int16_act_int8_proj_mixed_attention,0,315,0.0401329249
E2E_OUTPUT,int16_act_int8_proj_mixed_attention,0,316,0.000331904739
E2E_OUTPUT,int16_act_int8_proj_mixed_attention,0,317,0.0132425837
E2E_OUTPUT,int16_act_int8_proj_mixed_attention,0,318,-0.0463860482
E2E_OUTPUT,int16_act_int8_proj_mixed_attention,0,319,0.0300834998
E2E_OUTPUT,int16_act_int8_proj_mixed_attention,0,320,-0.00548934145
E2E_OUTPUT,int16_act_int8_proj_mixed_attention,0,321,0.0287381578
E2E_OUTPUT,int16_act_int8_proj_mixed_attention,0,322,0.0557220429
E2E_OUTPUT,int16_act_int8_proj_mixed_attention,0,323,-0.0410345569
E2E_OUTPUT,int16_act_int8_proj_mixed_attention,0,324,0.0169424396
E2E_OUTPUT,int16_act_int8_proj_mixed_attention,0,325,-0.0251113009
E2E_OUTPUT,int16_act_int8_proj_mixed_attention,0,326,0.0303028673
E2E_OUTPUT,int16_act_int8_proj_mixed_attention,0,327,-0.0685170442
E2E_OUTPUT,int16_act_int8_proj_mixed_attention,0,328,-0.013334536
E2E_OUTPUT,int16_act_int8_proj_mixed_attention,0,329,0.000251363032
E2E_OUTPUT,int16_act_int8_proj_mixed_attention,0,330,0.0914771482
E2E_OUTPUT,int16_act_int8_proj_mixed_attention,0,331,0.0298628025
E2E_OUTPUT,int16_act_int8_proj_mixed_attention,0,332,-0.0609915145
E2E_OUTPUT,int16_act_int8_proj_mixed_attention,0,333,0.0175697412
E2E_OUTPUT,int16_act_int8_proj_mixed_attention,0,334,0.0123970676
E2E_OUTPUT,int16_act_int8_proj_mixed_attention,0,335,0.0267168377
E2E_OUTPUT,int16_act_int8_proj_mixed_attention,0,336,0.0101738423
E2E_OUTPUT,int16_act_int8_proj_mixed_attention,0,337,-0.00572717004
E2E_OUTPUT,int16_act_int8_proj_mixed_attention,0,338,-0.0270402655
E2E_OUTPUT,int16_act_int8_proj_mixed_attention,0,339,0.010293493
E2E_OUTPUT,int16_act_int8_proj_mixed_attention,0,340,-0.0187818557
E2E_OUTPUT,int16_act_int8_proj_mixed_attention,0,341,0.00160297565
E2E_OUTPUT,int16_act_int8_proj_mixed_attention,0,342,0.0362698622
E2E_OUTPUT,int16_act_int8_proj_mixed_attention,0,343,0.00420127157
E2E_OUTPUT,int16_act_int8_proj_mixed_attention,0,344,0.0121576367
E2E_OUTPUT,int16_act_int8_proj_mixed_attention,0,345,-0.0692846775
E2E_OUTPUT,int16_act_int8_proj_mixed_attention,0,346,0.00922879018
E2E_OUTPUT,int16_act_int8_proj_mixed_attention,0,347,0.0390839987
E2E_OUTPUT,int16_act_int8_proj_mixed_attention,0,348,0.00239957403
E2E_OUTPUT,int16_act_int8_proj_mixed_attention,0,349,0.013201898
E2E_OUTPUT,int16_act_int8_proj_mixed_attention,0,350,-0.047503911
E2E_OUTPUT,int16_act_int8_proj_mixed_attention,0,351,0.0325909741
E2E_OUTPUT,int16_act_int8_proj_mixed_attention,0,352,-0.0102048349
E2E_OUTPUT,int16_act_int8_proj_mixed_attention,0,353,0.0305014178
E2E_OUTPUT,int16_act_int8_proj_mixed_attention,0,354,0.062225461
E2E_OUTPUT,int16_act_int8_proj_mixed_attention,0,355,-0.0394590497
E2E_OUTPUT,int16_act_int8_proj_mixed_attention,0,356,0.0144737307
E2E_OUTPUT,int16_act_int8_proj_mixed_attention,0,357,-0.0190321673
E2E_OUTPUT,int16_act_int8_proj_mixed_attention,0,358,0.0193402581
E2E_OUTPUT,int16_act_int8_proj_mixed_attention,0,359,-0.0737584084
E2E_OUTPUT,int16_act_int8_proj_mixed_attention,0,360,-0.018472936
E2E_OUTPUT,int16_act_int8_proj_mixed_attention,0,361,0.00809754804
E2E_OUTPUT,int16_act_int8_proj_mixed_attention,0,362,0.0905746967
E2E_OUTPUT,int16_act_int8_proj_mixed_attention,0,363,0.0258053485
E2E_OUTPUT,int16_act_int8_proj_mixed_attention,0,364,-0.0550972112
E2E_OUTPUT,int16_act_int8_proj_mixed_attention,0,365,0.0139602534
E2E_OUTPUT,int16_act_int8_proj_mixed_attention,0,366,0.00588190276
E2E_OUTPUT,int16_act_int8_proj_mixed_attention,0,367,0.0226282012
E2E_OUTPUT,int16_act_int8_proj_mixed_attention,0,368,0.0162756145
E2E_OUTPUT,int16_act_int8_proj_mixed_attention,0,369,-0.00418123696
E2E_OUTPUT,int16_act_int8_proj_mixed_attention,0,370,-0.0180657972
E2E_OUTPUT,int16_act_int8_proj_mixed_attention,0,371,0.00968183577
E2E_OUTPUT,int16_act_int8_proj_mixed_attention,0,372,-0.0153745264
E2E_OUTPUT,int16_act_int8_proj_mixed_attention,0,373,-0.00632121321
E2E_OUTPUT,int16_act_int8_proj_mixed_attention,0,374,0.0292083211
E2E_OUTPUT,int16_act_int8_proj_mixed_attention,0,375,0.00289060688
E2E_OUTPUT,int16_act_int8_proj_mixed_attention,0,376,0.0227896925
E2E_OUTPUT,int16_act_int8_proj_mixed_attention,0,377,-0.0691888928
E2E_OUTPUT,int16_act_int8_proj_mixed_attention,0,378,0.00688899867
E2E_OUTPUT,int16_act_int8_proj_mixed_attention,0,379,0.041894
E2E_OUTPUT,int16_act_int8_proj_mixed_attention,0,380,0.00177465193
E2E_OUTPUT,int16_act_int8_proj_mixed_attention,0,381,0.0124678109
E2E_OUTPUT,int16_act_int8_proj_mixed_attention,0,382,-0.0550792292
E2E_OUTPUT,int16_act_int8_proj_mixed_attention,0,383,0.0305916667
E2E_OUTPUT,int16_act_int8_proj_mixed_attention,0,384,0
E2E_OUTPUT,int16_act_int8_proj_mixed_attention,0,385,0
E2E_OUTPUT,int16_act_int8_proj_mixed_attention,0,386,0
E2E_OUTPUT,int16_act_int8_proj_mixed_attention,0,387,0
E2E_OUTPUT,int16_act_int8_proj_mixed_attention,0,388,0
E2E_OUTPUT,int16_act_int8_proj_mixed_attention,0,389,0
E2E_OUTPUT,int16_act_int8_proj_mixed_attention,0,390,0
E2E_OUTPUT,int16_act_int8_proj_mixed_attention,0,391,0
E2E_OUTPUT,int16_act_int8_proj_mixed_attention,0,392,0
E2E_OUTPUT,int16_act_int8_proj_mixed_attention,0,393,0
E2E_OUTPUT,int16_act_int8_proj_mixed_attention,0,394,0
E2E_OUTPUT,int16_act_int8_proj_mixed_attention,0,395,0
E2E_OUTPUT,int16_act_int8_proj_mixed_attention,0,396,0
E2E_OUTPUT,int16_act_int8_proj_mixed_attention,0,397,0
E2E_OUTPUT,int16_act_int8_proj_mixed_attention,0,398,0
E2E_OUTPUT,int16_act_int8_proj_mixed_attention,0,399,0
E2E_OUTPUT,int16_act_int8_proj_mixed_attention,0,400,0
E2E_OUTPUT,int16_act_int8_proj_mixed_attention,0,401,0
E2E_OUTPUT,int16_act_int8_proj_mixed_attention,0,402,0
E2E_OUTPUT,int16_act_int8_proj_mixed_attention,0,403,0
E2E_OUTPUT,int16_act_int8_proj_mixed_attention,0,404,0
E2E_OUTPUT,int16_act_int8_proj_mixed_attention,0,405,0
E2E_OUTPUT,int16_act_int8_proj_mixed_attention,0,406,0
E2E_OUTPUT,int16_act_int8_proj_mixed_attention,0,407,0
E2E_OUTPUT,int16_act_int8_proj_mixed_attention,0,408,0
E2E_OUTPUT,int16_act_int8_proj_mixed_attention,0,409,0
E2E_OUTPUT,int16_act_int8_proj_mixed_attention,0,410,0
E2E_OUTPUT,int16_act_int8_proj_mixed_attention,0,411,0
E2E_OUTPUT,int16_act_int8_proj_mixed_attention,0,412,0
E2E_OUTPUT,int16_act_int8_proj_mixed_attention,0,413,0
E2E_OUTPUT,int16_act_int8_proj_mixed_attention,0,414,0
E2E_OUTPUT,int16_act_int8_proj_mixed_attention,0,415,0
E2E_OUTPUT,int16_act_int8_proj_mixed_attention,0,416,-0.00329407072
E2E_OUTPUT,int16_act_int8_proj_mixed_attention,0,417,0.0256475396
E2E_OUTPUT,int16_act_int8_proj_mixed_attention,0,418,0.058497373
E2E_OUTPUT,int16_act_int8_proj_mixed_attention,0,419,-0.0398517922
E2E_OUTPUT,int16_act_int8_proj_mixed_attention,0,420,0.0123059396
E2E_OUTPUT,int16_act_int8_proj_mixed_attention,0,421,-0.0201945473
E2E_OUTPUT,int16_act_int8_proj_mixed_attention,0,422,0.0271206461
E2E_OUTPUT,int16_act_int8_proj_mixed_attention,0,423,-0.0729081482
E2E_OUTPUT,int16_act_int8_proj_mixed_attention,0,424,-0.0152714066
E2E_OUTPUT,int16_act_int8_proj_mixed_attention,0,425,0.00707182661
E2E_OUTPUT,int16_act_int8_proj_mixed_attention,0,426,0.0879461765
E2E_OUTPUT,int16_act_int8_proj_mixed_attention,0,427,0.0264128447
E2E_OUTPUT,int16_act_int8_proj_mixed_attention,0,428,-0.0582261793
E2E_OUTPUT,int16_act_int8_proj_mixed_attention,0,429,0.0151607525
E2E_OUTPUT,int16_act_int8_proj_mixed_attention,0,430,0.00498551037
E2E_OUTPUT,int16_act_int8_proj_mixed_attention,0,431,0.0287908874
E2E_OUTPUT,int16_act_int8_proj_mixed_attention,0,432,0.0153994374
E2E_OUTPUT,int16_act_int8_proj_mixed_attention,0,433,-0.00346120726
E2E_OUTPUT,int16_act_int8_proj_mixed_attention,0,434,-0.0180951282
E2E_OUTPUT,int16_act_int8_proj_mixed_attention,0,435,0.0127506563
E2E_OUTPUT,int16_act_int8_proj_mixed_attention,0,436,-0.0165609941
E2E_OUTPUT,int16_act_int8_proj_mixed_attention,0,437,-0.0008155182
E2E_OUTPUT,int16_act_int8_proj_mixed_attention,0,438,0.0274205208
E2E_OUTPUT,int16_act_int8_proj_mixed_attention,0,439,0.008808529
E2E_OUTPUT,int16_act_int8_proj_mixed_attention,0,440,0.0176043529
E2E_OUTPUT,int16_act_int8_proj_mixed_attention,0,441,-0.0681849271
E2E_OUTPUT,int16_act_int8_proj_mixed_attention,0,442,0.0113567598
E2E_OUTPUT,int16_act_int8_proj_mixed_attention,0,443,0.0355010629
E2E_OUTPUT,int16_act_int8_proj_mixed_attention,0,444,0.00591769349
E2E_OUTPUT,int16_act_int8_proj_mixed_attention,0,445,0.013156563
E2E_OUTPUT,int16_act_int8_proj_mixed_attention,0,446,-0.0541494265
E2E_OUTPUT,int16_act_int8_proj_mixed_attention,0,447,0.0292313397
E2E_OUTPUT,int16_act_int8_proj_mixed_attention,0,448,-0.00188035099
E2E_OUTPUT,int16_act_int8_proj_mixed_attention,0,449,0.024595011
E2E_OUTPUT,int16_act_int8_proj_mixed_attention,0,450,0.056078773
E2E_OUTPUT,int16_act_int8_proj_mixed_attention,0,451,-0.0390307754
E2E_OUTPUT,int16_act_int8_proj_mixed_attention,0,452,0.0129015651
E2E_OUTPUT,int16_act_int8_proj_mixed_attention,0,453,-0.0215872452
E2E_OUTPUT,int16_act_int8_proj_mixed_attention,0,454,0.0268521197
E2E_OUTPUT,int16_act_int8_proj_mixed_attention,0,455,-0.0673650205
E2E_OUTPUT,int16_act_int8_proj_mixed_attention,0,456,-0.014771712
E2E_OUTPUT,int16_act_int8_proj_mixed_attention,0,457,0.00323330704
E2E_OUTPUT,int16_act_int8_proj_mixed_attention,0,458,0.0870510861
E2E_OUTPUT,int16_act_int8_proj_mixed_attention,0,459,0.0276241172
E2E_OUTPUT,int16_act_int8_proj_mixed_attention,0,460,-0.0585046709
E2E_OUTPUT,int16_act_int8_proj_mixed_attention,0,461,0.0162270572
E2E_OUTPUT,int16_act_int8_proj_mixed_attention,0,462,0.0118690394
E2E_OUTPUT,int16_act_int8_proj_mixed_attention,0,463,0.0284067802
E2E_OUTPUT,int16_act_int8_proj_mixed_attention,0,464,0.00973368809
E2E_OUTPUT,int16_act_int8_proj_mixed_attention,0,465,-0.00439456291
E2E_OUTPUT,int16_act_int8_proj_mixed_attention,0,466,-0.0202384852
E2E_OUTPUT,int16_act_int8_proj_mixed_attention,0,467,0.0101118125
E2E_OUTPUT,int16_act_int8_proj_mixed_attention,0,468,-0.017546609
E2E_OUTPUT,int16_act_int8_proj_mixed_attention,0,469,0.000488150865
E2E_OUTPUT,int16_act_int8_proj_mixed_attention,0,470,0.0301909037
E2E_OUTPUT,int16_act_int8_proj_mixed_attention,0,471,0.0119914841
E2E_OUTPUT,int16_act_int8_proj_mixed_attention,0,472,0.0158155076
E2E_OUTPUT,int16_act_int8_proj_mixed_attention,0,473,-0.0711092055
E2E_OUTPUT,int16_act_int8_proj_mixed_attention,0,474,0.00680738501
E2E_OUTPUT,int16_act_int8_proj_mixed_attention,0,475,0.0378179252
E2E_OUTPUT,int16_act_int8_proj_mixed_attention,0,476,0.00346417539
E2E_OUTPUT,int16_act_int8_proj_mixed_attention,0,477,0.0127326865
E2E_OUTPUT,int16_act_int8_proj_mixed_attention,0,478,-0.0491461381
E2E_OUTPUT,int16_act_int8_proj_mixed_attention,0,479,0.0278177448
E2E_OUTPUT,int16_act_int8_proj_mixed_attention,0,480,-0.00633538235
E2E_OUTPUT,int16_act_int8_proj_mixed_attention,0,481,0.0235991068
E2E_OUTPUT,int16_act_int8_proj_mixed_attention,0,482,0.0611283965
E2E_OUTPUT,int16_act_int8_proj_mixed_attention,0,483,-0.0380900502
E2E_OUTPUT,int16_act_int8_proj_mixed_attention,0,484,0.00764993951
E2E_OUTPUT,int16_act_int8_proj_mixed_attention,0,485,-0.019737076
E2E_OUTPUT,int16_act_int8_proj_mixed_attention,0,486,0.0226395242
E2E_OUTPUT,int16_act_int8_proj_mixed_attention,0,487,-0.0687855035
E2E_OUTPUT,int16_act_int8_proj_mixed_attention,0,488,-0.0155365122
E2E_OUTPUT,int16_act_int8_proj_mixed_attention,0,489,0.00806703046
E2E_OUTPUT,int16_act_int8_proj_mixed_attention,0,490,0.0873017013
E2E_OUTPUT,int16_act_int8_proj_mixed_attention,0,491,0.0252962895
E2E_OUTPUT,int16_act_int8_proj_mixed_attention,0,492,-0.0557170957
E2E_OUTPUT,int16_act_int8_proj_mixed_attention,0,493,0.0184803978
E2E_OUTPUT,int16_act_int8_proj_mixed_attention,0,494,0.00886634178
E2E_OUTPUT,int16_act_int8_proj_mixed_attention,0,495,0.0268310588
E2E_OUTPUT,int16_act_int8_proj_mixed_attention,0,496,0.0104995929
E2E_OUTPUT,int16_act_int8_proj_mixed_attention,0,497,-0.00474244077
E2E_OUTPUT,int16_act_int8_proj_mixed_attention,0,498,-0.0128989974
E2E_OUTPUT,int16_act_int8_proj_mixed_attention,0,499,0.00899070408
E2E_OUTPUT,int16_act_int8_proj_mixed_attention,0,500,-0.0152673796
E2E_OUTPUT,int16_act_int8_proj_mixed_attention,0,501,-0.00508940965
E2E_OUTPUT,int16_act_int8_proj_mixed_attention,0,502,0.0298815817
E2E_OUTPUT,int16_act_int8_proj_mixed_attention,0,503,0.0112849334
E2E_OUTPUT,int16_act_int8_proj_mixed_attention,0,504,0.0171917714
E2E_OUTPUT,int16_act_int8_proj_mixed_attention,0,505,-0.0645324588
E2E_OUTPUT,int16_act_int8_proj_mixed_attention,0,506,0.00548243523
E2E_OUTPUT,int16_act_int8_proj_mixed_attention,0,507,0.0387850255
E2E_OUTPUT,int16_act_int8_proj_mixed_attention,0,508,0.00159091782
E2E_OUTPUT,int16_act_int8_proj_mixed_attention,0,509,0.014286859
E2E_OUTPUT,int16_act_int8_proj_mixed_attention,0,510,-0.0508286767
E2E_OUTPUT,int16_act_int8_proj_mixed_attention,0,511,0.027231995
E2E_RESULT,float_proj_mixed_attention,1,117061,117278,0.998150,96,31328,0.000231683254,0.174059063,0,PASS
E2E_OUTPUT,float_proj_mixed_attention,1,0,0.269227922
E2E_OUTPUT,float_proj_mixed_attention,1,1,-0.268242806
E2E_OUTPUT,float_proj_mixed_attention,1,2,0.0375648849
E2E_OUTPUT,float_proj_mixed_attention,1,3,-0.215718567
E2E_OUTPUT,float_proj_mixed_attention,1,4,0.329050869
E2E_OUTPUT,float_proj_mixed_attention,1,5,-0.29997772
E2E_OUTPUT,float_proj_mixed_attention,1,6,0.0480650067
E2E_OUTPUT,float_proj_mixed_attention,1,7,-0.197429612
E2E_OUTPUT,float_proj_mixed_attention,1,8,0.214170083
E2E_OUTPUT,float_proj_mixed_attention,1,9,0.167299017
E2E_OUTPUT,float_proj_mixed_attention,1,10,0.0918624029
E2E_OUTPUT,float_proj_mixed_attention,1,11,-0.172667816
E2E_OUTPUT,float_proj_mixed_attention,1,12,-0.0383200869
E2E_OUTPUT,float_proj_mixed_attention,1,13,0.341948956
E2E_OUTPUT,float_proj_mixed_attention,1,14,-0.186895624
E2E_OUTPUT,float_proj_mixed_attention,1,15,0.260104388
E2E_OUTPUT,float_proj_mixed_attention,1,16,0.0469723679
E2E_OUTPUT,float_proj_mixed_attention,1,17,0.116895013
E2E_OUTPUT,float_proj_mixed_attention,1,18,-0.445129961
E2E_OUTPUT,float_proj_mixed_attention,1,19,0.117709488
E2E_OUTPUT,float_proj_mixed_attention,1,20,0.0386315994
E2E_OUTPUT,float_proj_mixed_attention,1,21,0.222633183
E2E_OUTPUT,float_proj_mixed_attention,1,22,0.102722302
E2E_OUTPUT,float_proj_mixed_attention,1,23,-0.114042833
E2E_OUTPUT,float_proj_mixed_attention,1,24,-0.27108714
E2E_OUTPUT,float_proj_mixed_attention,1,25,-0.136447251
E2E_OUTPUT,float_proj_mixed_attention,1,26,0.160072297
E2E_OUTPUT,float_proj_mixed_attention,1,27,-0.0316712037
E2E_OUTPUT,float_proj_mixed_attention,1,28,0.01710473
E2E_OUTPUT,float_proj_mixed_attention,1,29,0.0555020422
E2E_OUTPUT,float_proj_mixed_attention,1,30,-0.177647263
E2E_OUTPUT,float_proj_mixed_attention,1,31,0.187219292
E2E_OUTPUT,float_proj_mixed_attention,1,32,0.178340152
E2E_OUTPUT,float_proj_mixed_attention,1,33,-0.164605081
E2E_OUTPUT,float_proj_mixed_attention,1,34,-0.0530484021
E2E_OUTPUT,float_proj_mixed_attention,1,35,-0.183775067
E2E_OUTPUT,float_proj_mixed_attention,1,36,0.189531341
E2E_OUTPUT,float_proj_mixed_attention,1,37,-0.299703777
E2E_OUTPUT,float_proj_mixed_attention,1,38,0.119121529
E2E_OUTPUT,float_proj_mixed_attention,1,39,-0.0230809897
E2E_OUTPUT,float_proj_mixed_attention,1,40,0.0163762532
E2E_OUTPUT,float_proj_mixed_attention,1,41,0.161054507
E2E_OUTPUT,float_proj_mixed_attention,1,42,0.0360547826
E2E_OUTPUT,float_proj_mixed_attention,1,43,-0.138179153
E2E_OUTPUT,float_proj_mixed_attention,1,44,-0.0993730798
E2E_OUTPUT,float_proj_mixed_attention,1,45,0.268621236
E2E_OUTPUT,float_proj_mixed_attention,1,46,-0.00550977467
E2E_OUTPUT,float_proj_mixed_attention,1,47,0.203031644
E2E_OUTPUT,float_proj_mixed_attention,1,48,0.0740354806
E2E_OUTPUT,float_proj_mixed_attention,1,49,0.123729177
E2E_OUTPUT,float_proj_mixed_attention,1,50,-0.374327779
E2E_OUTPUT,float_proj_mixed_attention,1,51,0.1955107
E2E_OUTPUT,float_proj_mixed_attention,1,52,0.0692940652
E2E_OUTPUT,float_proj_mixed_attention,1,53,0.0963457748
E2E_OUTPUT,float_proj_mixed_attention,1,54,0.0102565484
E2E_OUTPUT,float_proj_mixed_attention,1,55,0.0481525883
E2E_OUTPUT,float_proj_mixed_attention,1,56,-0.175419062
E2E_OUTPUT,float_proj_mixed_attention,1,57,0.0280812196
E2E_OUTPUT,float_proj_mixed_attention,1,58,0.239343226
E2E_OUTPUT,float_proj_mixed_attention,1,59,-0.0906080976
E2E_OUTPUT,float_proj_mixed_attention,1,60,0.0129677169
E2E_OUTPUT,float_proj_mixed_attention,1,61,-0.00110444566
E2E_OUTPUT,float_proj_mixed_attention,1,62,-0.162073702
E2E_OUTPUT,float_proj_mixed_attention,1,63,0.185091972
E2E_OUTPUT,float_proj_mixed_attention,1,64,-0.0216968078
E2E_OUTPUT,float_proj_mixed_attention,1,65,-0.022649046
E2E_OUTPUT,float_proj_mixed_attention,1,66,-0.092925474
E2E_OUTPUT,float_proj_mixed_attention,1,67,-0.0957896411
E2E_OUTPUT,float_proj_mixed_attention,1,68,0.117385097
E2E_OUTPUT,float_proj_mixed_attention,1,69,-0.203604877
E2E_OUTPUT,float_proj_mixed_attention,1,70,0.00605748501
E2E_OUTPUT,float_proj_mixed_attention,1,71,0.0908646807
E2E_OUTPUT,float_proj_mixed_attention,1,72,-0.0455858633
E2E_OUTPUT,float_proj_mixed_attention,1,73,0.0513792746
E2E_OUTPUT,float_proj_mixed_attention,1,74,0.170265839
E2E_OUTPUT,float_proj_mixed_attention,1,75,-0.0408891216
E2E_OUTPUT,float_proj_mixed_attention,1,76,-0.187483042
E2E_OUTPUT,float_proj_mixed_attention,1,77,0.191234246
E2E_OUTPUT,float_proj_mixed_attention,1,78,0.0853905231
E2E_OUTPUT,float_proj_mixed_attention,1,79,0.035808716
E2E_OUTPUT,float_proj_mixed_attention,1,80,0.0743506253
E2E_OUTPUT,float_proj_mixed_attention,1,81,0.0735884681
E2E_OUTPUT,float_proj_mixed_attention,1,82,-0.208704546
E2E_OUTPUT,float_proj_mixed_attention,1,83,0.114830263
E2E_OUTPUT,float_proj_mixed_attention,1,84,0.070442751
E2E_OUTPUT,float_proj_mixed_attention,1,85,0.0031637135
E2E_OUTPUT,float_proj_mixed_attention,1,86,0.0957709625
E2E_OUTPUT,float_proj_mixed_attention,1,87,-0.0241250098
E2E_OUTPUT,float_proj_mixed_attention,1,88,-0.0460147746
E2E_OUTPUT,float_proj_mixed_attention,1,89,0.0357625857
E2E_OUTPUT,float_proj_mixed_attention,1,90,0.12828283
E2E_OUTPUT,float_proj_mixed_attention,1,91,0.0695659593
E2E_OUTPUT,float_proj_mixed_attention,1,92,-0.13343823
E2E_OUTPUT,float_proj_mixed_attention,1,93,0.0591046065
E2E_OUTPUT,float_proj_mixed_attention,1,94,-0.0806829631
E2E_OUTPUT,float_proj_mixed_attention,1,95,0.0654834583
E2E_OUTPUT,float_proj_mixed_attention,1,96,-0.035297811
E2E_OUTPUT,float_proj_mixed_attention,1,97,-0.000854943879
E2E_OUTPUT,float_proj_mixed_attention,1,98,-0.069450438
E2E_OUTPUT,float_proj_mixed_attention,1,99,-0.0819786936
E2E_OUTPUT,float_proj_mixed_attention,1,100,0.11195752
E2E_OUTPUT,float_proj_mixed_attention,1,101,-0.209710643
E2E_OUTPUT,float_proj_mixed_attention,1,102,0.0196375847
E2E_OUTPUT,float_proj_mixed_attention,1,103,0.04105426
E2E_OUTPUT,float_proj_mixed_attention,1,104,-0.129038468
E2E_OUTPUT,float_proj_mixed_attention,1,105,0.0872685537
E2E_OUTPUT,float_proj_mixed_attention,1,106,0.155683622
E2E_OUTPUT,float_proj_mixed_attention,1,107,0.00164526561
E2E_OUTPUT,float_proj_mixed_attention,1,108,-0.171691105
E2E_OUTPUT,float_proj_mixed_attention,1,109,0.12727797
E2E_OUTPUT,float_proj_mixed_attention,1,110,0.0916562751
E2E_OUTPUT,float_proj_mixed_attention,1,111,0.0631957501
E2E_OUTPUT,float_proj_mixed_attention,1,112,0.0266340096
E2E_OUTPUT,float_proj_mixed_attention,1,113,0.0909677148
E2E_OUTPUT,float_proj_mixed_attention,1,114,-0.189498961
E2E_OUTPUT,float_proj_mixed_attention,1,115,0.0788078457
E2E_OUTPUT,float_proj_mixed_attention,1,116,0.109421603
E2E_OUTPUT,float_proj_mixed_attention,1,117,-0.0192746185
E2E_OUTPUT,float_proj_mixed_attention,1,118,0.0506200902
E2E_OUTPUT,float_proj_mixed_attention,1,119,-0.0561595
E2E_OUTPUT,float_proj_mixed_attention,1,120,-0.0293937139
E2E_OUTPUT,float_proj_mixed_attention,1,121,0.0640803427
E2E_OUTPUT,float_proj_mixed_attention,1,122,0.124972671
E2E_OUTPUT,float_proj_mixed_attention,1,123,0.0260806642
E2E_OUTPUT,float_proj_mixed_attention,1,124,-0.113997757
E2E_OUTPUT,float_proj_mixed_attention,1,125,0.0509629101
E2E_OUTPUT,float_proj_mixed_attention,1,126,-0.0571938753
E2E_OUTPUT,float_proj_mixed_attention,1,127,0.113554426
E2E_OUTPUT,float_proj_mixed_attention,1,128,-0.120484971
E2E_OUTPUT,float_proj_mixed_attention,1,129,0.030185381
E2E_OUTPUT,float_proj_mixed_attention,1,130,0.00529744849
E2E_OUTPUT,float_proj_mixed_attention,1,131,-0.101072475
E2E_OUTPUT,float_proj_mixed_attention,1,132,0.194733724
E2E_OUTPUT,float_proj_mixed_attention,1,133,-0.143169254
E2E_OUTPUT,float_proj_mixed_attention,1,134,-0.0571877584
E2E_OUTPUT,float_proj_mixed_attention,1,135,0.0773463771
E2E_OUTPUT,float_proj_mixed_attention,1,136,-0.109564424
E2E_OUTPUT,float_proj_mixed_attention,1,137,0.0621251725
E2E_OUTPUT,float_proj_mixed_attention,1,138,0.0867433846
E2E_OUTPUT,float_proj_mixed_attention,1,139,0.106079876
E2E_OUTPUT,float_proj_mixed_attention,1,140,-0.113589838
E2E_OUTPUT,float_proj_mixed_attention,1,141,0.0315180793
E2E_OUTPUT,float_proj_mixed_attention,1,142,0.044583153
E2E_OUTPUT,float_proj_mixed_attention,1,143,0.0317234583
E2E_OUTPUT,float_proj_mixed_attention,1,144,0.063653864
E2E_OUTPUT,float_proj_mixed_attention,1,145,0.102916695
E2E_OUTPUT,float_proj_mixed_attention,1,146,-0.223559812
E2E_OUTPUT,float_proj_mixed_attention,1,147,0.0844835788
E2E_OUTPUT,float_proj_mixed_attention,1,148,0.0536735617
E2E_OUTPUT,float_proj_mixed_attention,1,149,-0.0251547061
E2E_OUTPUT,float_proj_mixed_attention,1,150,0.102100313
E2E_OUTPUT,float_proj_mixed_attention,1,151,-0.024052497
E2E_OUTPUT,float_proj_mixed_attention,1,152,-0.0158404429
E2E_OUTPUT,float_proj_mixed_attention,1,153,-0.142221391
E2E_OUTPUT,float_proj_mixed_attention,1,154,0.109372236
E2E_OUTPUT,float_proj_mixed_attention,1,155,0.0822867006
E2E_OUTPUT,float_proj_mixed_attention,1,156,-0.0876696184
E2E_OUTPUT,float_proj_mixed_attention,1,157,0.0216875169
E2E_OUTPUT,float_proj_mixed_attention,1,158,-0.130329251
E2E_OUTPUT,float_proj_mixed_attention,1,159,0.127254024
E2E_OUTPUT,float_proj_mixed_attention,1,160,0
E2E_OUTPUT,float_proj_mixed_attention,1,161,0
E2E_OUTPUT,float_proj_mixed_attention,1,162,0
E2E_OUTPUT,float_proj_mixed_attention,1,163,0
E2E_OUTPUT,float_proj_mixed_attention,1,164,0
E2E_OUTPUT,float_proj_mixed_attention,1,165,0
E2E_OUTPUT,float_proj_mixed_attention,1,166,0
E2E_OUTPUT,float_proj_mixed_attention,1,167,0
E2E_OUTPUT,float_proj_mixed_attention,1,168,0
E2E_OUTPUT,float_proj_mixed_attention,1,169,0
E2E_OUTPUT,float_proj_mixed_attention,1,170,0
E2E_OUTPUT,float_proj_mixed_attention,1,171,0
E2E_OUTPUT,float_proj_mixed_attention,1,172,0
E2E_OUTPUT,float_proj_mixed_attention,1,173,0
E2E_OUTPUT,float_proj_mixed_attention,1,174,0
E2E_OUTPUT,float_proj_mixed_attention,1,175,0
E2E_OUTPUT,float_proj_mixed_attention,1,176,0
E2E_OUTPUT,float_proj_mixed_attention,1,177,0
E2E_OUTPUT,float_proj_mixed_attention,1,178,0
E2E_OUTPUT,float_proj_mixed_attention,1,179,0
E2E_OUTPUT,float_proj_mixed_attention,1,180,0
E2E_OUTPUT,float_proj_mixed_attention,1,181,0
E2E_OUTPUT,float_proj_mixed_attention,1,182,0
E2E_OUTPUT,float_proj_mixed_attention,1,183,0
E2E_OUTPUT,float_proj_mixed_attention,1,184,0
E2E_OUTPUT,float_proj_mixed_attention,1,185,0
E2E_OUTPUT,float_proj_mixed_attention,1,186,0
E2E_OUTPUT,float_proj_mixed_attention,1,187,0
E2E_OUTPUT,float_proj_mixed_attention,1,188,0
E2E_OUTPUT,float_proj_mixed_attention,1,189,0
E2E_OUTPUT,float_proj_mixed_attention,1,190,0
E2E_OUTPUT,float_proj_mixed_attention,1,191,0
E2E_OUTPUT,float_proj_mixed_attention,1,192,-0.130742103
E2E_OUTPUT,float_proj_mixed_attention,1,193,0.0565085709
E2E_OUTPUT,float_proj_mixed_attention,1,194,0.0889817402
E2E_OUTPUT,float_proj_mixed_attention,1,195,-0.0866523385
E2E_OUTPUT,float_proj_mixed_attention,1,196,0.165858507
E2E_OUTPUT,float_proj_mixed_attention,1,197,-0.133252159
E2E_OUTPUT,float_proj_mixed_attention,1,198,-0.0486888476
E2E_OUTPUT,float_proj_mixed_attention,1,199,0.0545468256
E2E_OUTPUT,float_proj_mixed_attention,1,200,-0.0662681237
E2E_OUTPUT,float_proj_mixed_attention,1,201,0.0182678252
E2E_OUTPUT,float_proj_mixed_attention,1,202,0.106394209
E2E_OUTPUT,float_proj_mixed_attention,1,203,0.0727336183
E2E_OUTPUT,float_proj_mixed_attention,1,204,-0.109848246
E2E_OUTPUT,float_proj_mixed_attention,1,205,0.0540586226
E2E_OUTPUT,float_proj_mixed_attention,1,206,0.0345770679
E2E_OUTPUT,float_proj_mixed_attention,1,207,0.0166917238
E2E_OUTPUT,float_proj_mixed_attention,1,208,0.0211913083
E2E_OUTPUT,float_proj_mixed_attention,1,209,0.123138778
E2E_OUTPUT,float_proj_mixed_attention,1,210,-0.183527306
E2E_OUTPUT,float_proj_mixed_attention,1,211,0.113486998
E2E_OUTPUT,float_proj_mixed_attention,1,212,-0.0114649292
E2E_OUTPUT,float_proj_mixed_attention,1,213,-0.0556231886
E2E_OUTPUT,float_proj_mixed_attention,1,214,0.0845797807
E2E_OUTPUT,float_proj_mixed_attention,1,215,-0.0200026967
E2E_OUTPUT,float_proj_mixed_attention,1,216,0.0315318964
E2E_OUTPUT,float_proj_mixed_attention,1,217,-0.162784442
E2E_OUTPUT,float_proj_mixed_attention,1,218,0.0392247215
E2E_OUTPUT,float_proj_mixed_attention,1,219,0.134786144
E2E_OUTPUT,float_proj_mixed_attention,1,220,-0.0647619292
E2E_OUTPUT,float_proj_mixed_attention,1,221,0.0226250365
E2E_OUTPUT,float_proj_mixed_attention,1,222,-0.136774853
E2E_OUTPUT,float_proj_mixed_attention,1,223,0.0895081833
E2E_OUTPUT,float_proj_mixed_attention,1,224,-0.103538252
E2E_OUTPUT,float_proj_mixed_attention,1,225,0.046099931
E2E_OUTPUT,float_proj_mixed_attention,1,226,0.125131875
E2E_OUTPUT,float_proj_mixed_attention,1,227,-0.101137988
E2E_OUTPUT,float_proj_mixed_attention,1,228,0.213561594
E2E_OUTPUT,float_proj_mixed_attention,1,229,-0.115191899
E2E_OUTPUT,float_proj_mixed_attention,1,230,-0.0709400326
E2E_OUTPUT,float_proj_mixed_attention,1,231,0.00540810078
E2E_OUTPUT,float_proj_mixed_attention,1,232,-0.0815347284
E2E_OUTPUT,float_proj_mixed_attention,1,233,0.059888348
E2E_OUTPUT,float_proj_mixed_attention,1,234,0.0793678313
E2E_OUTPUT,float_proj_mixed_attention,1,235,0.0477470607
E2E_OUTPUT,float_proj_mixed_attention,1,236,-0.0505786762
E2E_OUTPUT,float_proj_mixed_attention,1,237,0.0426580086
E2E_OUTPUT,float_proj_mixed_attention,1,238,0.0716883764
E2E_OUTPUT,float_proj_mixed_attention,1,239,-0.0344985649
E2E_OUTPUT,float_proj_mixed_attention,1,240,0.0369115062
E2E_OUTPUT,float_proj_mixed_attention,1,241,0.13491331
E2E_OUTPUT,float_proj_mixed_attention,1,242,-0.212122917
E2E_OUTPUT,float_proj_mixed_attention,1,243,0.0632695854
E2E_OUTPUT,float_proj_mixed_attention,1,244,-0.00377364364
E2E_OUTPUT,float_proj_mixed_attention,1,245,-0.0718973503
E2E_OUTPUT,float_proj_mixed_attention,1,246,0.0317724906
E2E_OUTPUT,float_proj_mixed_attention,1,247,-0.0257170517
E2E_OUTPUT,float_proj_mixed_attention,1,248,0.0487074293
E2E_OUTPUT,float_proj_mixed_attention,1,249,-0.131439939
E2E_OUTPUT,float_proj_mixed_attention,1,250,0.00483607035
E2E_OUTPUT,float_proj_mixed_attention,1,251,0.0727414787
E2E_OUTPUT,float_proj_mixed_attention,1,252,-0.0594006218
E2E_OUTPUT,float_proj_mixed_attention,1,253,-0.0102652321
E2E_OUTPUT,float_proj_mixed_attention,1,254,-0.13560012
E2E_OUTPUT,float_proj_mixed_attention,1,255,0.107149445
E2E_OUTPUT,float_proj_mixed_attention,1,256,-0.116028696
E2E_OUTPUT,float_proj_mixed_attention,1,257,0.0463864058
E2E_OUTPUT,float_proj_mixed_attention,1,258,0.0962159857
E2E_OUTPUT,float_proj_mixed_attention,1,259,-0.0576535463
E2E_OUTPUT,float_proj_mixed_attention,1,260,0.168514401
E2E_OUTPUT,float_proj_mixed_attention,1,261,-0.0808834881
E2E_OUTPUT,float_proj_mixed_attention,1,262,-0.074179098
E2E_OUTPUT,float_proj_mixed_attention,1,263,-0.00408040546
E2E_OUTPUT,float_proj_mixed_attention,1,264,-0.083556205
E2E_OUTPUT,float_proj_mixed_attention,1,265,0.0511029996
E2E_OUTPUT,float_proj_mixed_attention,1,266,0.0797758251
E2E_OUTPUT,float_proj_mixed_attention,1,267,0.0304469988
E2E_OUTPUT,float_proj_mixed_attention,1,268,-0.0565549135
E2E_OUTPUT,float_proj_mixed_attention,1,269,0.033133287
E2E_OUTPUT,float_proj_mixed_attention,1,270,0.0683339611
E2E_OUTPUT,float_proj_mixed_attention,1,271,-0.0270770118
E2E_OUTPUT,float_proj_mixed_attention,1,272,0.0297087934
E2E_OUTPUT,float_proj_mixed_attention,1,273,0.111417666
E2E_OUTPUT,float_proj_mixed_attention,1,274,-0.161447927
E2E_OUTPUT,float_proj_mixed_attention,1,275,0.0315493047
E2E_OUTPUT,float_proj_mixed_attention,1,276,0.0185646564
E2E_OUTPUT,float_proj_mixed_attention,1,277,-0.118242636
E2E_OUTPUT,float_proj_mixed_attention,1,278,0.0570222996
E2E_OUTPUT,float_proj_mixed_attention,1,279,-0.0232148115
E2E_OUTPUT,float_proj_mixed_attention,1,280,0.0476973876
E2E_OUTPUT,float_proj_mixed_attention,1,281,-0.0891186595
E2E_OUTPUT,float_proj_mixed_attention,1,282,0.0231455043
E2E_OUTPUT,float_proj_mixed_attention,1,283,0.0482561141
E2E_OUTPUT,float_proj_mixed_attention,1,284,-0.0316051319
E2E_OUTPUT,float_proj_mixed_attention,1,285,-0.0176821593
E2E_OUTPUT,float_proj_mixed_attention,1,286,-0.0895179883
E2E_OUTPUT,float_proj_mixed_attention,1,287,0.0917567164
E2E_OUTPUT,float_proj_mixed_attention,1,288,-0.120479286
E2E_OUTPUT,float_proj_mixed_attention,1,289,0.0388187245
E2E_OUTPUT,float_proj_mixed_attention,1,290,0.110446125
E2E_OUTPUT,float_proj_mixed_attention,1,291,-0.071045734
E2E_OUTPUT,float_proj_mixed_attention,1,292,0.149681821
E2E_OUTPUT,float_proj_mixed_attention,1,293,-0.0709432736
E2E_OUTPUT,float_proj_mixed_attention,1,294,-0.0656428784
E2E_OUTPUT,float_proj_mixed_attention,1,295,-0.018356923
E2E_OUTPUT,float_proj_mixed_attention,1,296,-0.059726879
E2E_OUTPUT,float_proj_mixed_attention,1,297,0.0355068147
E2E_OUTPUT,float_proj_mixed_attention,1,298,0.0724140927
E2E_OUTPUT,float_proj_mixed_attention,1,299,0.0487471819
E2E_OUTPUT,float_proj_mixed_attention,1,300,-0.0699627697
E2E_OUTPUT,float_proj_mixed_attention,1,301,0.0359733216
E2E_OUTPUT,float_proj_mixed_attention,1,302,0.0469610505
E2E_OUTPUT,float_proj_mixed_attention,1,303,-0.0147770317
E2E_OUTPUT,float_proj_mixed_attention,1,304,0.0309725683
E2E_OUTPUT,float_proj_mixed_attention,1,305,0.0931312889
E2E_OUTPUT,float_proj_mixed_attention,1,306,-0.150309876
E2E_OUTPUT,float_proj_mixed_attention,1,307,0.0589851737
E2E_OUTPUT,float_proj_mixed_attention,1,308,0.00338127557
E2E_OUTPUT,float_proj_mixed_attention,1,309,-0.0900588632
E2E_OUTPUT,float_proj_mixed_attention,1,310,0.0588940307
E2E_OUTPUT,float_proj_mixed_attention,1,311,-0.0110052237
E2E_OUTPUT,float_proj_mixed_attention,1,312,0.0457515605
E2E_OUTPUT,float_proj_mixed_attention,1,313,-0.107894734
E2E_OUTPUT,float_proj_mixed_attention,1,314,0.0351618193
E2E_OUTPUT,float_proj_mixed_attention,1,315,0.0429954827
E2E_OUTPUT,float_proj_mixed_attention,1,316,-0.0242243093
E2E_OUTPUT,float_proj_mixed_attention,1,317,0.00490717543
E2E_OUTPUT,float_proj_mixed_attention,1,318,-0.0915345028
E2E_OUTPUT,float_proj_mixed_attention,1,319,0.0764596984
E2E_OUTPUT,float_proj_mixed_attention,1,320,-0.12710546
E2E_OUTPUT,float_proj_mixed_attention,1,321,0.0425457582
E2E_OUTPUT,float_proj_mixed_attention,1,322,0.130996287
E2E_OUTPUT,float_proj_mixed_attention,1,323,-0.0644877255
E2E_OUTPUT,float_proj_mixed_attention,1,324,0.100217015
E2E_OUTPUT,float_proj_mixed_attention,1,325,-0.0513155088
E2E_OUTPUT,float_proj_mixed_attention,1,326,-0.0400813818
E2E_OUTPUT,float_proj_mixed_attention,1,327,-0.0738605782
E2E_OUTPUT,float_proj_mixed_attention,1,328,-0.0159761477
E2E_OUTPUT,float_proj_mixed_attention,1,329,-0.00311152264
E2E_OUTPUT,float_proj_mixed_attention,1,330,0.104952209
E2E_OUTPUT,float_proj_mixed_attention,1,331,0.0412480533
E2E_OUTPUT,float_proj_mixed_attention,1,332,-0.0872536674
E2E_OUTPUT,float_proj_mixed_attention,1,333,0.0555805229
E2E_OUTPUT,float_proj_mixed_attention,1,334,0.0511297211
E2E_OUTPUT,float_proj_mixed_attention,1,335,-0.00544030126
E2E_OUTPUT,float_proj_mixed_attention,1,336,0.0197326094
E2E_OUTPUT,float_proj_mixed_attention,1,337,0.0318372734
E2E_OUTPUT,float_proj_mixed_attention,1,338,-0.0852282867
E2E_OUTPUT,float_proj_mixed_attention,1,339,0.0263038334
E2E_OUTPUT,float_proj_mixed_attention,1,340,0.00177089311
E2E_OUTPUT,float_proj_mixed_attention,1,341,-0.0857202783
E2E_OUTPUT,float_proj_mixed_attention,1,342,0.0742631927
E2E_OUTPUT,float_proj_mixed_attention,1,343,-0.0321029536
E2E_OUTPUT,float_proj_mixed_attention,1,344,0.042581398
E2E_OUTPUT,float_proj_mixed_attention,1,345,-0.0799096748
E2E_OUTPUT,float_proj_mixed_attention,1,346,-0.0102383746
E2E_OUTPUT,float_proj_mixed_attention,1,347,0.0518881008
E2E_OUTPUT,float_proj_mixed_attention,1,348,0.0108529665
E2E_OUTPUT,float_proj_mixed_attention,1,349,0.00768410694
E2E_OUTPUT,float_proj_mixed_attention,1,350,-0.0747998431
E2E_OUTPUT,float_proj_mixed_attention,1,351,0.0480947122
E2E_OUTPUT,float_proj_mixed_attention,1,352,-0.0924173146
E2E_OUTPUT,float_proj_mixed_attention,1,353,0.0450517982
E2E_OUTPUT,float_proj_mixed_attention,1,354,0.128456473
E2E_OUTPUT,float_proj_mixed_attention,1,355,-0.0672906563
E2E_OUTPUT,float_proj_mixed_attention,1,356,0.0679020584
E2E_OUTPUT,float_proj_mixed_attention,1,357,-0.0307287015
E2E_OUTPUT,float_proj_mixed_attention,1,358,-0.0076205628
E2E_OUTPUT,float_proj_mixed_attention,1,359,-0.0793244615
E2E_OUTPUT,float_proj_mixed_attention,1,360,0.0190326422
E2E_OUTPUT,float_proj_mixed_attention,1,361,-0.0197246633
E2E_OUTPUT,float_proj_mixed_attention,1,362,0.100283384
E2E_OUTPUT,float_proj_mixed_attention,1,363,0.046815075
E2E_OUTPUT,float_proj_mixed_attention,1,364,-0.0723052472
E2E_OUTPUT,float_proj_mixed_attention,1,365,0.0641415194
E2E_OUTPUT,float_proj_mixed_attention,1,366,0.0321168043
E2E_OUTPUT,float_proj_mixed_attention,1,367,0.00596631039
E2E_OUTPUT,float_proj_mixed_attention,1,368,0.0292345341
E2E_OUTPUT,float_proj_mixed_attention,1,369,0.00574774574
E2E_OUTPUT,float_proj_mixed_attention,1,370,-0.0625294447
E2E_OUTPUT,float_proj_mixed_attention,1,371,0.0358470008
E2E_OUTPUT,float_proj_mixed_attention,1,372,-0.0148372836
E2E_OUTPUT,float_proj_mixed_attention,1,373,-0.0466513596
E2E_OUTPUT,float_proj_mixed_attention,1,374,0.0483506545
E2E_OUTPUT,float_proj_mixed_attention,1,375,0.0124866376
E2E_OUTPUT,float_proj_mixed_attention,1,376,0.0150663033
E2E_OUTPUT,float_proj_mixed_attention,1,377,-0.108817138
E2E_OUTPUT,float_proj_mixed_attention,1,378,0.000195138156
E2E_OUTPUT,float_proj_mixed_attention,1,379,0.0514621101
E2E_OUTPUT,float_proj_mixed_attention,1,380,0.00611876883
E2E_OUTPUT,float_proj_mixed_attention,1,381,0.00152201171
E2E_OUTPUT,float_proj_mixed_attention,1,382,-0.0919966623
E2E_OUTPUT,float_proj_mixed_attention,1,383,0.0331260152
E2E_OUTPUT,float_proj_mixed_attention,1,384,0
E2E_OUTPUT,float_proj_mixed_attention,1,385,0
E2E_OUTPUT,float_proj_mixed_attention,1,386,0
E2E_OUTPUT,float_proj_mixed_attention,1,387,0
E2E_OUTPUT,float_proj_mixed_attention,1,388,0
E2E_OUTPUT,float_proj_mixed_attention,1,389,0
E2E_OUTPUT,float_proj_mixed_attention,1,390,0
E2E_OUTPUT,float_proj_mixed_attention,1,391,0
E2E_OUTPUT,float_proj_mixed_attention,1,392,0
E2E_OUTPUT,float_proj_mixed_attention,1,393,0
E2E_OUTPUT,float_proj_mixed_attention,1,394,0
E2E_OUTPUT,float_proj_mixed_attention,1,395,0
E2E_OUTPUT,float_proj_mixed_attention,1,396,0
E2E_OUTPUT,float_proj_mixed_attention,1,397,0
E2E_OUTPUT,float_proj_mixed_attention,1,398,0
E2E_OUTPUT,float_proj_mixed_attention,1,399,0
E2E_OUTPUT,float_proj_mixed_attention,1,400,0
E2E_OUTPUT,float_proj_mixed_attention,1,401,0
E2E_OUTPUT,float_proj_mixed_attention,1,402,0
E2E_OUTPUT,float_proj_mixed_attention,1,403,0
E2E_OUTPUT,float_proj_mixed_attention,1,404,0
E2E_OUTPUT,float_proj_mixed_attention,1,405,0
E2E_OUTPUT,float_proj_mixed_attention,1,406,0
E2E_OUTPUT,float_proj_mixed_attention,1,407,0
E2E_OUTPUT,float_proj_mixed_attention,1,408,0
E2E_OUTPUT,float_proj_mixed_attention,1,409,0
E2E_OUTPUT,float_proj_mixed_attention,1,410,0
E2E_OUTPUT,float_proj_mixed_attention,1,411,0
E2E_OUTPUT,float_proj_mixed_attention,1,412,0
E2E_OUTPUT,float_proj_mixed_attention,1,413,0
E2E_OUTPUT,float_proj_mixed_attention,1,414,0
E2E_OUTPUT,float_proj_mixed_attention,1,415,0
E2E_OUTPUT,float_proj_mixed_attention,1,416,-0.0244858172
E2E_OUTPUT,float_proj_mixed_attention,1,417,0.0330899544
E2E_OUTPUT,float_proj_mixed_attention,1,418,0.105164528
E2E_OUTPUT,float_proj_mixed_attention,1,419,-0.0488756895
E2E_OUTPUT,float_proj_mixed_attention,1,420,0.0289264768
E2E_OUTPUT,float_proj_mixed_attention,1,421,-0.0140780676
E2E_OUTPUT,float_proj_mixed_attention,1,422,0.0215637963
E2E_OUTPUT,float_proj_mixed_attention,1,423,-0.0689798668
E2E_OUTPUT,float_proj_mixed_attention,1,424,-0.00422651134
E2E_OUTPUT,float_proj_mixed_attention,1,425,-0.00131935719
E2E_OUTPUT,float_proj_mixed_attention,1,426,0.0941166282
E2E_OUTPUT,float_proj_mixed_attention,1,427,0.0176587775
E2E_OUTPUT,float_proj_mixed_attention,1,428,-0.0517894626
E2E_OUTPUT,float_proj_mixed_attention,1,429,0.0376884416
E2E_OUTPUT,float_proj_mixed_attention,1,430,0.0349805392
E2E_OUTPUT,float_proj_mixed_attention,1,431,0.00668612868
E2E_OUTPUT,float_proj_mixed_attention,1,432,0.0213922001
E2E_OUTPUT,float_proj_mixed_attention,1,433,-0.0074536046
E2E_OUTPUT,float_proj_mixed_attention,1,434,-0.030328894
E2E_OUTPUT,float_proj_mixed_attention,1,435,0.0107970405
E2E_OUTPUT,float_proj_mixed_attention,1,436,-0.021705471
E2E_OUTPUT,float_proj_mixed_attention,1,437,-0.0242972486
E2E_OUTPUT,float_proj_mixed_attention,1,438,0.0151549028
E2E_OUTPUT,float_proj_mixed_attention,1,439,0.0305453558
E2E_OUTPUT,float_proj_mixed_attention,1,440,0.0249989089
E2E_OUTPUT,float_proj_mixed_attention,1,441,-0.0878052637
E2E_OUTPUT,float_proj_mixed_attention,1,442,-0.00668315962
E2E_OUTPUT,float_proj_mixed_attention,1,443,0.0458033793
E2E_OUTPUT,float_proj_mixed_attention,1,444,-0.00440636696
E2E_OUTPUT,float_proj_mixed_attention,1,445,0.00568684796
E2E_OUTPUT,float_proj_mixed_attention,1,446,-0.0681377649
E2E_OUTPUT,float_proj_mixed_attention,1,447,0.0243477281
E2E_OUTPUT,float_proj_mixed_attention,1,448,-0.0153654972
E2E_OUTPUT,float_proj_mixed_attention,1,449,0.0268131569
E2E_OUTPUT,float_proj_mixed_attention,1,450,0.0922393948
E2E_OUTPUT,float_proj_mixed_attention,1,451,-0.0503443703
E2E_OUTPUT,float_proj_mixed_attention,1,452,0.0346488059
E2E_OUTPUT,float_proj_mixed_attention,1,453,-0.00796669722
E2E_OUTPUT,float_proj_mixed_attention,1,454,0.0203582831
E2E_OUTPUT,float_proj_mixed_attention,1,455,-0.0882266238
E2E_OUTPUT,float_proj_mixed_attention,1,456,0.00414453773
E2E_OUTPUT,float_proj_mixed_attention,1,457,-0.0021874099
E2E_OUTPUT,float_proj_mixed_attention,1,458,0.0989148989
E2E_OUTPUT,float_proj_mixed_attention,1,459,0.0131537318
E2E_OUTPUT,float_proj_mixed_attention,1,460,-0.0505637974
E2E_OUTPUT,float_proj_mixed_attention,1,461,0.0329728201
E2E_OUTPUT,float_proj_mixed_attention,1,462,0.0192614123
E2E_OUTPUT,float_proj_mixed_attention,1,463,0.0234350245
E2E_OUTPUT,float_proj_mixed_attention,1,464,0.0130070876
E2E_OUTPUT,float_proj_mixed_attention,1,465,-0.0193691999
E2E_OUTPUT,float_proj_mixed_attention,1,466,-0.0345378667
E2E_OUTPUT,float_proj_mixed_attention,1,467,0.00305662584
E2E_OUTPUT,float_proj_mixed_attention,1,468,-0.011278322
E2E_OUTPUT,float_proj_mixed_attention,1,469,-0.0209488217
E2E_OUTPUT,float_proj_mixed_attention,1,470,0.0357339196
E2E_OUTPUT,float_proj_mixed_attention,1,471,0.00834072568
E2E_OUTPUT,float_proj_mixed_attention,1,472,0.0244711395
E2E_OUTPUT,float_proj_mixed_attention,1,473,-0.0911495909
E2E_OUTPUT,float_proj_mixed_attention,1,474,-0.00269895978
E2E_OUTPUT,float_proj_mixed_attention,1,475,0.0539815202
E2E_OUTPUT,float_proj_mixed_attention,1,476,-0.00183850201
E2E_OUTPUT,float_proj_mixed_attention,1,477,0.0100556016
E2E_OUTPUT,float_proj_mixed_attention,1,478,-0.057884559
E2E_OUTPUT,float_proj_mixed_attention,1,479,0.025756957
E2E_OUTPUT,float_proj_mixed_attention,1,480,-0.0062421374
E2E_OUTPUT,float_proj_mixed_attention,1,481,0.0234968364
E2E_OUTPUT,float_proj_mixed_attention,1,482,0.0610217229
E2E_OUTPUT,float_proj_mixed_attention,1,483,-0.0377923101
E2E_OUTPUT,float_proj_mixed_attention,1,484,0.00737367198
E2E_OUTPUT,float_proj_mixed_attention,1,485,-0.0198343229
E2E_OUTPUT,float_proj_mixed_attention,1,486,0.0225529745
E2E_OUTPUT,float_proj_mixed_attention,1,487,-0.0683823153
E2E_OUTPUT,float_proj_mixed_attention,1,488,-0.0155487182
E2E_OUTPUT,float_proj_mixed_attention,1,489,0.00805427693
E2E_OUTPUT,float_proj_mixed_attention,1,490,0.0869585797
E2E_OUTPUT,float_proj_mixed_attention,1,491,0.0251505338
E2E_OUTPUT,float_proj_mixed_attention,1,492,-0.0554167777
E2E_OUTPUT,float_proj_mixed_attention,1,493,0.0187661499
E2E_OUTPUT,float_proj_mixed_attention,1,494,0.00904574804
E2E_OUTPUT,float_proj_mixed_attention,1,495,0.0267208721
E2E_OUTPUT,float_proj_mixed_attention,1,496,0.0104219094
E2E_OUTPUT,float_proj_mixed_attention,1,497,-0.00491587166
E2E_OUTPUT,float_proj_mixed_attention,1,498,-0.0129553843
E2E_OUTPUT,float_proj_mixed_attention,1,499,0.00917867012
E2E_OUTPUT,float_proj_mixed_attention,1,500,-0.0151218008
E2E_OUTPUT,float_proj_mixed_attention,1,501,-0.00481733028
E2E_OUTPUT,float_proj_mixed_attention,1,502,0.0301012751
E2E_OUTPUT,float_proj_mixed_attention,1,503,0.011601557
E2E_OUTPUT,float_proj_mixed_attention,1,504,0.017157292
E2E_OUTPUT,float_proj_mixed_attention,1,505,-0.0644609407
E2E_OUTPUT,float_proj_mixed_attention,1,506,0.00536857871
E2E_OUTPUT,float_proj_mixed_attention,1,507,0.0391012579
E2E_OUTPUT,float_proj_mixed_attention,1,508,0.00122380117
E2E_OUTPUT,float_proj_mixed_attention,1,509,0.0145300841
E2E_OUTPUT,float_proj_mixed_attention,1,510,-0.0506900214
E2E_OUTPUT,float_proj_mixed_attention,1,511,0.0273642968
E2E_RESULT,int16_act_int8_proj_mixed_attention,1,117061,30250,3.869785,96,21600,0.00219158828,0.626238823,0,PASS
E2E_OUTPUT,int16_act_int8_proj_mixed_attention,1,0,0.26944226
E2E_OUTPUT,int16_act_int8_proj_mixed_attention,1,1,-0.268570155
E2E_OUTPUT,int16_act_int8_proj_mixed_attention,1,2,0.0376640372
E2E_OUTPUT,int16_act_int8_proj_mixed_attention,1,3,-0.215920448
E2E_OUTPUT,int16_act_int8_proj_mixed_attention,1,4,0.32889691
E2E_OUTPUT,int16_act_int8_proj_mixed_attention,1,5,-0.300772399
E2E_OUTPUT,int16_act_int8_proj_mixed_attention,1,6,0.0495169386
E2E_OUTPUT,int16_act_int8_proj_mixed_attention,1,7,-0.198115423
E2E_OUTPUT,int16_act_int8_proj_mixed_attention,1,8,0.214436978
E2E_OUTPUT,int16_act_int8_proj_mixed_attention,1,9,0.167139217
E2E_OUTPUT,int16_act_int8_proj_mixed_attention,1,10,0.0933679938
E2E_OUTPUT,int16_act_int8_proj_mixed_attention,1,11,-0.173580945
E2E_OUTPUT,int16_act_int8_proj_mixed_attention,1,12,-0.0394353233
E2E_OUTPUT,int16_act_int8_proj_mixed_attention,1,13,0.342409521
E2E_OUTPUT,int16_act_int8_proj_mixed_attention,1,14,-0.187693164
E2E_OUTPUT,int16_act_int8_proj_mixed_attention,1,15,0.260479957
E2E_OUTPUT,int16_act_int8_proj_mixed_attention,1,16,0.045339264
E2E_OUTPUT,int16_act_int8_proj_mixed_attention,1,17,0.118088499
E2E_OUTPUT,int16_act_int8_proj_mixed_attention,1,18,-0.442943424
E2E_OUTPUT,int16_act_int8_proj_mixed_attention,1,19,0.117366321
E2E_OUTPUT,int16_act_int8_proj_mixed_attention,1,20,0.0377038866
E2E_OUTPUT,int16_act_int8_proj_mixed_attention,1,21,0.220924109
E2E_OUTPUT,int16_act_int8_proj_mixed_attention,1,22,0.104125291
E2E_OUTPUT,int16_act_int8_proj_mixed_attention,1,23,-0.114245094
E2E_OUTPUT,int16_act_int8_proj_mixed_attention,1,24,-0.271328956
E2E_OUTPUT,int16_act_int8_proj_mixed_attention,1,25,-0.136474073
E2E_OUTPUT,int16_act_int8_proj_mixed_attention,1,26,0.160413042
E2E_OUTPUT,int16_act_int8_proj_mixed_attention,1,27,-0.031606134
E2E_OUTPUT,int16_act_int8_proj_mixed_attention,1,28,0.0184141919
E2E_OUTPUT,int16_act_int8_proj_mixed_attention,1,29,0.0545814261
E2E_OUTPUT,int16_act_int8_proj_mixed_attention,1,30,-0.176529855
E2E_OUTPUT,int16_act_int8_proj_mixed_attention,1,31,0.185032293
E2E_OUTPUT,int16_act_int8_proj_mixed_attention,1,32,0.179023862
E2E_OUTPUT,int16_act_int8_proj_mixed_attention,1,33,-0.165737212
E2E_OUTPUT,int16_act_int8_proj_mixed_attention,1,34,-0.0528677404
E2E_OUTPUT,int16_act_int8_proj_mixed_attention,1,35,-0.183293372
E2E_OUTPUT,int16_act_int8_proj_mixed_attention,1,36,0.189576641
E2E_OUTPUT,int16_act_int8_proj_mixed_attention,1,37,-0.299969763
E2E_OUTPUT,int16_act_int8_proj_mixed_attention,1,38,0.120463014
E2E_OUTPUT,int16_act_int8_proj_mixed_attention,1,39,-0.0244103223
E2E_OUTPUT,int16_act_int8_proj_mixed_attention,1,40,0.0159091279
E2E_OUTPUT,int16_act_int8_proj_mixed_attention,1,41,0.161190778
E2E_OUTPUT,int16_act_int8_proj_mixed_attention,1,42,0.0368969068
E2E_OUTPUT,int16_act_int8_proj_mixed_attention,1,43,-0.138857782
E2E_OUTPUT,int16_act_int8_proj_mixed_attention,1,44,-0.0998152941
E2E_OUTPUT,int16_act_int8_proj_mixed_attention,1,45,0.268676549
E2E_OUTPUT,int16_act_int8_proj_mixed_attention,1,46,-0.00613480806
E2E_OUTPUT,int16_act_int8_proj_mixed_attention,1,47,0.204001442
E2E_OUTPUT,int16_act_int8_proj_mixed_attention,1,48,0.0727821812
E2E_OUTPUT,int16_act_int8_proj_mixed_attention,1,49,0.124558121
E2E_OUTPUT,int16_act_int8_proj_mixed_attention,1,50,-0.372448921
E2E_OUTPUT,int16_act_int8_proj_mixed_attention,1,51,0.195596963
E2E_OUTPUT,int16_act_int8_proj_mixed_attention,1,52,0.0683789998
E2E_OUTPUT,int16_act_int8_proj_mixed_attention,1,53,0.0954212397
E2E_OUTPUT,int16_act_int8_proj_mixed_attention,1,54,0.0112201776
E2E_OUTPUT,int16_act_int8_proj_mixed_attention,1,55,0.0478609055
E2E_OUTPUT,int16_act_int8_proj_mixed_attention,1,56,-0.175286323
E2E_OUTPUT,int16_act_int8_proj_mixed_attention,1,57,0.0281867832
E2E_OUTPUT,int16_act_int8_proj_mixed_attention,1,58,0.239724278
E2E_OUTPUT,int16_act_int8_proj_mixed_attention,1,59,-0.0911689326
E2E_OUTPUT,int16_act_int8_proj_mixed_attention,1,60,0.0140207252
E2E_OUTPUT,int16_act_int8_proj_mixed_attention,1,61,-0.00179299898
E2E_OUTPUT,int16_act_int8_proj_mixed_attention,1,62,-0.161267608
E2E_OUTPUT,int16_act_int8_proj_mixed_attention,1,63,0.183917701
E2E_OUTPUT,int16_act_int8_proj_mixed_attention,1,64,-0.0212710146
E2E_OUTPUT,int16_act_int8_proj_mixed_attention,1,65,-0.0230233409
E2E_OUTPUT,int16_act_int8_proj_mixed_attention,1,66,-0.0922271088
E2E_OUTPUT,int16_act_int8_proj_mixed_attention,1,67,-0.0959858447
E2E_OUTPUT,int16_act_int8_proj_mixed_attention,1,68,0.11801295
E2E_OUTPUT,int16_act_int8_proj_mixed_attention,1,69,-0.204450399
E2E_OUTPUT,int16_act_int8_proj_mixed_attention,1,70,0.00755823124
E2E_OUTPUT,int16_act_int8_proj_mixed_attention,1,71,0.0899451524
E2E_OUTPUT,int16_act_int8_proj_mixed_attention,1,72,-0.0459633172
E2E_OUTPUT,int16_act_int8_proj_mixed_attention,1,73,0.0515548401
E2E_OUTPUT,int16_act_int8_proj_mixed_attention,1,74,0.170404956
E2E_OUTPUT,int16_act_int8_proj_mixed_attention,1,75,-0.0411556438
E2E_OUTPUT,int16_act_int8_proj_mixed_attention,1,76,-0.187632293
E2E_OUTPUT,int16_act_int8_proj_mixed_attention,1,77,0.191389754
E2E_OUTPUT,int16_act_int8_proj_mixed_attention,1,78,0.0847746581
E2E_OUTPUT,int16_act_int8_proj_mixed_attention,1,79,0.0364645272
E2E_OUTPUT,int16_act_int8_proj_mixed_attention,1,80,0.0735588074
E2E_OUTPUT,int16_act_int8_proj_mixed_attention,1,81,0.073997125
E2E_OUTPUT,int16_act_int8_proj_mixed_attention,1,82,-0.207997516
E2E_OUTPUT,int16_act_int8_proj_mixed_attention,1,83,0.114404313
E2E_OUTPUT,int16_act_int8_proj_mixed_attention,1,84,0.0701126456
E2E_OUTPUT,int16_act_int8_proj_mixed_attention,1,85,0.00256246515
E2E_OUTPUT,int16_act_int8_proj_mixed_attention,1,86,0.0958260298
E2E_OUTPUT,int16_act_int8_proj_mixed_attention,1,87,-0.0242413059
E2E_OUTPUT,int16_act_int8_proj_mixed_attention,1,88,-0.0458700284
E2E_OUTPUT,int16_act_int8_proj_mixed_attention,1,89,0.0354529694
E2E_OUTPUT,int16_act_int8_proj_mixed_attention,1,90,0.128761023
E2E_OUTPUT,int16_act_int8_proj_mixed_attention,1,91,0.0692105144
E2E_OUTPUT,int16_act_int8_proj_mixed_attention,1,92,-0.133307502
E2E_OUTPUT,int16_act_int8_proj_mixed_attention,1,93,0.0579239614
E2E_OUTPUT,int16_act_int8_proj_mixed_attention,1,94,-0.0801791996
E2E_OUTPUT,int16_act_int8_proj_mixed_attention,1,95,0.0650871173
E2E_OUTPUT,int16_act_int8_proj_mixed_attention,1,96,-0.0349174142
E2E_OUTPUT,int16_act_int8_proj_mixed_attention,1,97,-0.00131710712
E2E_OUTPUT,int16_act_int8_proj_mixed_attention,1,98,-0.0690892339
E2E_OUTPUT,int16_act_int8_proj_mixed_attention,1,99,-0.0819074363
E2E_OUTPUT,int16_act_int8_proj_mixed_attention,1,100,0.11240869
E2E_OUTPUT,int16_act_int8_proj_mixed_attention,1,101,-0.210203364
E2E_OUTPUT,int16_act_int8_proj_mixed_attention,1,102,0.0208565146
E2E_OUTPUT,int16_act_int8_proj_mixed_attention,1,103,0.0401366055
E2E_OUTPUT,int16_act_int8_proj_mixed_attention,1,104,-0.129582107
E2E_OUTPUT,int16_act_int8_proj_mixed_attention,1,105,0.0870511234
E2E_OUTPUT,int16_act_int8_proj_mixed_attention,1,106,0.156081527
E2E_OUTPUT,int16_act_int8_proj_mixed_attention,1,107,0.00139151514
E2E_OUTPUT,int16_act_int8_proj_mixed_attention,1,108,-0.17174761
E2E_OUTPUT,int16_act_int8_proj_mixed_attention,1,109,0.126798883
E2E_OUTPUT,int16_act_int8_proj_mixed_attention,1,110,0.0913657993
E2E_OUTPUT,int16_act_int8_proj_mixed_attention,1,111,0.0640090108
E2E_OUTPUT,int16_act_int8_proj_mixed_attention,1,112,0.0259239152
E2E_OUTPUT,int16_act_int8_proj_mixed_attention,1,113,0.0912017822
E2E_OUTPUT,int16_act_int8_proj_mixed_attention,1,114,-0.188768134
E2E_OUTPUT,int16_act_int8_proj_mixed_attention,1,115,0.0786237791
E2E_OUTPUT,int16_act_int8_proj_mixed_attention,1,116,0.109082058
E2E_OUTPUT,int16_act_int8_proj_mixed_attention,1,117,-0.0194463227
E2E_OUTPUT,int16_act_int8_proj_mixed_attention,1,118,0.0504537672
E2E_OUTPUT,int16_act_int8_proj_mixed_attention,1,119,-0.0562084243
E2E_OUTPUT,int16_act_int8_proj_mixed_attention,1,120,-0.029651586
E2E_OUTPUT,int16_act_int8_proj_mixed_attention,1,121,0.0640176907
E2E_OUTPUT,int16_act_int8_proj_mixed_attention,1,122,0.124892548
E2E_OUTPUT,int16_act_int8_proj_mixed_attention,1,123,0.0258135833
E2E_OUTPUT,int16_act_int8_proj_mixed_attention,1,124,-0.113486066
E2E_OUTPUT,int16_act_int8_proj_mixed_attention,1,125,0.0500363559
E2E_OUTPUT,int16_act_int8_proj_mixed_attention,1,126,-0.0566059276
E2E_OUTPUT,int16_act_int8_proj_mixed_attention,1,127,0.113193408
E2E_OUTPUT,int16_act_int8_proj_mixed_attention,1,128,-0.120823137
E2E_OUTPUT,int16_act_int8_proj_mixed_attention,1,129,0.0300483648
E2E_OUTPUT,int16_act_int8_proj_mixed_attention,1,130,0.00545950979
E2E_OUTPUT,int16_act_int8_proj_mixed_attention,1,131,-0.101217724
E2E_OUTPUT,int16_act_int8_proj_mixed_attention,1,132,0.195168301
E2E_OUTPUT,int16_act_int8_proj_mixed_attention,1,133,-0.143779412
E2E_OUTPUT,int16_act_int8_proj_mixed_attention,1,134,-0.0563287362
E2E_OUTPUT,int16_act_int8_proj_mixed_attention,1,135,0.0770241246
E2E_OUTPUT,int16_act_int8_proj_mixed_attention,1,136,-0.10983289
E2E_OUTPUT,int16_act_int8_proj_mixed_attention,1,137,0.0615897551
E2E_OUTPUT,int16_act_int8_proj_mixed_attention,1,138,0.0865027457
E2E_OUTPUT,int16_act_int8_proj_mixed_attention,1,139,0.105960429
E2E_OUTPUT,int16_act_int8_proj_mixed_attention,1,140,-0.113712579
E2E_OUTPUT,int16_act_int8_proj_mixed_attention,1,141,0.0312218331
E2E_OUTPUT,int16_act_int8_proj_mixed_attention,1,142,0.0442406014
E2E_OUTPUT,int16_act_int8_proj_mixed_attention,1,143,0.0322155878
E2E_OUTPUT,int16_act_int8_proj_mixed_attention,1,144,0.0629675239
E2E_OUTPUT,int16_act_int8_proj_mixed_attention,1,145,0.103304885
E2E_OUTPUT,int16_act_int8_proj_mixed_attention,1,146,-0.222431391
E2E_OUTPUT,int16_act_int8_proj_mixed_attention,1,147,0.0840128362
E2E_OUTPUT,int16_act_int8_proj_mixed_attention,1,148,0.0537136942
E2E_OUTPUT,int16_act_int8_proj_mixed_attention,1,149,-0.0253000837
E2E_OUTPUT,int16_act_int8_proj_mixed_attention,1,150,0.102007866
E2E_OUTPUT,int16_act_int8_proj_mixed_attention,1,151,-0.0239619277
E2E_OUTPUT,int16_act_int8_proj_mixed_attention,1,152,-0.0162673481
E2E_OUTPUT,int16_act_int8_proj_mixed_attention,1,153,-0.142296165
E2E_OUTPUT,int16_act_int8_proj_mixed_attention,1,154,0.108989254
E2E_OUTPUT,int16_act_int8_proj_mixed_attention,1,155,0.0821593329
E2E_OUTPUT,int16_act_int8_proj_mixed_attention,1,156,-0.0873089284
E2E_OUTPUT,int16_act_int8_proj_mixed_attention,1,157,0.0207148455
E2E_OUTPUT,int16_act_int8_proj_mixed_attention,1,158,-0.129790351
E2E_OUTPUT,int16_act_int8_proj_mixed_attention,1,159,0.12686114
E2E_OUTPUT,int16_act_int8_proj_mixed_attention,1,160,0
E2E_OUTPUT,int16_act_int8_proj_mixed_attention,1,161,0
E2E_OUTPUT,int16_act_int8_proj_mixed_attention,1,162,0
E2E_OUTPUT,int16_act_int8_proj_mixed_attention,1,163,0
E2E_OUTPUT,int16_act_int8_proj_mixed_attention,1,164,0
E2E_OUTPUT,int16_act_int8_proj_mixed_attention,1,165,0
E2E_OUTPUT,int16_act_int8_proj_mixed_attention,1,166,0
E2E_OUTPUT,int16_act_int8_proj_mixed_attention,1,167,0
E2E_OUTPUT,int16_act_int8_proj_mixed_attention,1,168,0
E2E_OUTPUT,int16_act_int8_proj_mixed_attention,1,169,0
E2E_OUTPUT,int16_act_int8_proj_mixed_attention,1,170,0
E2E_OUTPUT,int16_act_int8_proj_mixed_attention,1,171,0
E2E_OUTPUT,int16_act_int8_proj_mixed_attention,1,172,0
E2E_OUTPUT,int16_act_int8_proj_mixed_attention,1,173,0
E2E_OUTPUT,int16_act_int8_proj_mixed_attention,1,174,0
E2E_OUTPUT,int16_act_int8_proj_mixed_attention,1,175,0
E2E_OUTPUT,int16_act_int8_proj_mixed_attention,1,176,0
E2E_OUTPUT,int16_act_int8_proj_mixed_attention,1,177,0
E2E_OUTPUT,int16_act_int8_proj_mixed_attention,1,178,0
E2E_OUTPUT,int16_act_int8_proj_mixed_attention,1,179,0
E2E_OUTPUT,int16_act_int8_proj_mixed_attention,1,180,0
E2E_OUTPUT,int16_act_int8_proj_mixed_attention,1,181,0
E2E_OUTPUT,int16_act_int8_proj_mixed_attention,1,182,0
E2E_OUTPUT,int16_act_int8_proj_mixed_attention,1,183,0
E2E_OUTPUT,int16_act_int8_proj_mixed_attention,1,184,0
E2E_OUTPUT,int16_act_int8_proj_mixed_attention,1,185,0
E2E_OUTPUT,int16_act_int8_proj_mixed_attention,1,186,0
E2E_OUTPUT,int16_act_int8_proj_mixed_attention,1,187,0
E2E_OUTPUT,int16_act_int8_proj_mixed_attention,1,188,0
E2E_OUTPUT,int16_act_int8_proj_mixed_attention,1,189,0
E2E_OUTPUT,int16_act_int8_proj_mixed_attention,1,190,0
E2E_OUTPUT,int16_act_int8_proj_mixed_attention,1,191,0
E2E_OUTPUT,int16_act_int8_proj_mixed_attention,1,192,-0.130906343
E2E_OUTPUT,int16_act_int8_proj_mixed_attention,1,193,0.0566644259
E2E_OUTPUT,int16_act_int8_proj_mixed_attention,1,194,0.0892599076
E2E_OUTPUT,int16_act_int8_proj_mixed_attention,1,195,-0.0868854448
E2E_OUTPUT,int16_act_int8_proj_mixed_attention,1,196,0.166224808
E2E_OUTPUT,int16_act_int8_proj_mixed_attention,1,197,-0.133621559
E2E_OUTPUT,int16_act_int8_proj_mixed_attention,1,198,-0.04774452
E2E_OUTPUT,int16_act_int8_proj_mixed_attention,1,199,0.0540831909
E2E_OUTPUT,int16_act_int8_proj_mixed_attention,1,200,-0.0664243475
E2E_OUTPUT,int16_act_int8_proj_mixed_attention,1,201,0.0176778752
E2E_OUTPUT,int16_act_int8_proj_mixed_attention,1,202,0.106531344
E2E_OUTPUT,int16_act_int8_proj_mixed_attention,1,203,0.0723102689
E2E_OUTPUT,int16_act_int8_proj_mixed_attention,1,204,-0.109962322
E2E_OUTPUT,int16_act_int8_proj_mixed_attention,1,205,0.0538137853
E2E_OUTPUT,int16_act_int8_proj_mixed_attention,1,206,0.0346238911
E2E_OUTPUT,int16_act_int8_proj_mixed_attention,1,207,0.0168992244
E2E_OUTPUT,int16_act_int8_proj_mixed_attention,1,208,0.020611681
E2E_OUTPUT,int16_act_int8_proj_mixed_attention,1,209,0.123416528
E2E_OUTPUT,int16_act_int8_proj_mixed_attention,1,210,-0.182691172
E2E_OUTPUT,int16_act_int8_proj_mixed_attention,1,211,0.113160089
E2E_OUTPUT,int16_act_int8_proj_mixed_attention,1,212,-0.011424318
E2E_OUTPUT,int16_act_int8_proj_mixed_attention,1,213,-0.055912476
E2E_OUTPUT,int16_act_int8_proj_mixed_attention,1,214,0.0844647065
E2E_OUTPUT,int16_act_int8_proj_mixed_attention,1,215,-0.0203516781
E2E_OUTPUT,int16_act_int8_proj_mixed_attention,1,216,0.0312515944
E2E_OUTPUT,int16_act_int8_proj_mixed_attention,1,217,-0.1628346
E2E_OUTPUT,int16_act_int8_proj_mixed_attention,1,218,0.0389193483
E2E_OUTPUT,int16_act_int8_proj_mixed_attention,1,219,0.134829119
E2E_OUTPUT,int16_act_int8_proj_mixed_attention,1,220,-0.0645412877
E2E_OUTPUT,int16_act_int8_proj_mixed_attention,1,221,0.0216921195
E2E_OUTPUT,int16_act_int8_proj_mixed_attention,1,222,-0.13659364
E2E_OUTPUT,int16_act_int8_proj_mixed_attention,1,223,0.0890623778
E2E_OUTPUT,int16_act_int8_proj_mixed_attention,1,224,-0.103325121
E2E_OUTPUT,int16_act_int8_proj_mixed_attention,1,225,0.0457436666
E2E_OUTPUT,int16_act_int8_proj_mixed_attention,1,226,0.12501429
E2E_OUTPUT,int16_act_int8_proj_mixed_attention,1,227,-0.101142384
E2E_OUTPUT,int16_act_int8_proj_mixed_attention,1,228,0.213847384
E2E_OUTPUT,int16_act_int8_proj_mixed_attention,1,229,-0.115362816
E2E_OUTPUT,int16_act_int8_proj_mixed_attention,1,230,-0.070080027
E2E_OUTPUT,int16_act_int8_proj_mixed_attention,1,231,0.00515624136
E2E_OUTPUT,int16_act_int8_proj_mixed_attention,1,232,-0.0816780999
E2E_OUTPUT,int16_act_int8_proj_mixed_attention,1,233,0.0593124554
E2E_OUTPUT,int16_act_int8_proj_mixed_attention,1,234,0.0793859214
E2E_OUTPUT,int16_act_int8_proj_mixed_attention,1,235,0.0476094596
E2E_OUTPUT,int16_act_int8_proj_mixed_attention,1,236,-0.0504857972
E2E_OUTPUT,int16_act_int8_proj_mixed_attention,1,237,0.0421285667
E2E_OUTPUT,int16_act_int8_proj_mixed_attention,1,238,0.071680516
E2E_OUTPUT,int16_act_int8_proj_mixed_attention,1,239,-0.033738669
E2E_OUTPUT,int16_act_int8_proj_mixed_attention,1,240,0.0363893285
E2E_OUTPUT,int16_act_int8_proj_mixed_attention,1,241,0.135142416
E2E_OUTPUT,int16_act_int8_proj_mixed_attention,1,242,-0.211295828
E2E_OUTPUT,int16_act_int8_proj_mixed_attention,1,243,0.0628507584
E2E_OUTPUT,int16_act_int8_proj_mixed_attention,1,244,-0.00396273285
E2E_OUTPUT,int16_act_int8_proj_mixed_attention,1,245,-0.0716879442
E2E_OUTPUT,int16_act_int8_proj_mixed_attention,1,246,0.0318508856
E2E_OUTPUT,int16_act_int8_proj_mixed_attention,1,247,-0.0258955881
E2E_OUTPUT,int16_act_int8_proj_mixed_attention,1,248,0.0478558019
E2E_OUTPUT,int16_act_int8_proj_mixed_attention,1,249,-0.131355405
E2E_OUTPUT,int16_act_int8_proj_mixed_attention,1,250,0.0048100017
E2E_OUTPUT,int16_act_int8_proj_mixed_attention,1,251,0.0724476576
E2E_OUTPUT,int16_act_int8_proj_mixed_attention,1,252,-0.0589315742
E2E_OUTPUT,int16_act_int8_proj_mixed_attention,1,253,-0.0108513422
E2E_OUTPUT,int16_act_int8_proj_mixed_attention,1,254,-0.135243356
E2E_OUTPUT,int16_act_int8_proj_mixed_attention,1,255,0.106841452
E2E_OUTPUT,int16_act_int8_proj_mixed_attention,1,256,-0.115842544
E2E_OUTPUT,int16_act_int8_proj_mixed_attention,1,257,0.0464154072
E2E_OUTPUT,int16_act_int8_proj_mixed_attention,1,258,0.0965515897
E2E_OUTPUT,int16_act_int8_proj_mixed_attention,1,259,-0.0576979965
E2E_OUTPUT,int16_act_int8_proj_mixed_attention,1,260,0.169016272
E2E_OUTPUT,int16_act_int8_proj_mixed_attention,1,261,-0.0807301626
E2E_OUTPUT,int16_act_int8_proj_mixed_attention,1,262,-0.0738200322
E2E_OUTPUT,int16_act_int8_proj_mixed_attention,1,263,-0.00456269458
E2E_OUTPUT,int16_act_int8_proj_mixed_attention,1,264,-0.0838281065
E2E_OUTPUT,int16_act_int8_proj_mixed_attention,1,265,0.0506176129
E2E_OUTPUT,int16_act_int8_proj_mixed_attention,1,266,0.0797437578
E2E_OUTPUT,int16_act_int8_proj_mixed_attention,1,267,0.0303480737
E2E_OUTPUT,int16_act_int8_proj_mixed_attention,1,268,-0.0563916452
E2E_OUTPUT,int16_act_int8_proj_mixed_attention,1,269,0.0325865
E2E_OUTPUT,int16_act_int8_proj_mixed_attention,1,270,0.0682725683
E2E_OUTPUT,int16_act_int8_proj_mixed_attention,1,271,-0.0267611332
E2E_OUTPUT,int16_act_int8_proj_mixed_attention,1,272,0.0296776332
E2E_OUTPUT,int16_act_int8_proj_mixed_attention,1,273,0.11166887
E2E_OUTPUT,int16_act_int8_proj_mixed_attention,1,274,-0.160645559
E2E_OUTPUT,int16_act_int8_proj_mixed_attention,1,275,0.0309589729
E2E_OUTPUT,int16_act_int8_proj_mixed_attention,1,276,0.0184640791
E2E_OUTPUT,int16_act_int8_proj_mixed_attention,1,277,-0.118412681
E2E_OUTPUT,int16_act_int8_proj_mixed_attention,1,278,0.0567185283
E2E_OUTPUT,int16_act_int8_proj_mixed_attention,1,279,-0.0234773383
E2E_OUTPUT,int16_act_int8_proj_mixed_attention,1,280,0.0474982187
E2E_OUTPUT,int16_act_int8_proj_mixed_attention,1,281,-0.0890053064
E2E_OUTPUT,int16_act_int8_proj_mixed_attention,1,282,0.0228491165
E2E_OUTPUT,int16_act_int8_proj_mixed_attention,1,283,0.0480279028
E2E_OUTPUT,int16_act_int8_proj_mixed_attention,1,284,-0.0313127898
E2E_OUTPUT,int16_act_int8_proj_mixed_attention,1,285,-0.0184158646
E2E_OUTPUT,int16_act_int8_proj_mixed_attention,1,286,-0.0893301666
E2E_OUTPUT,int16_act_int8_proj_mixed_attention,1,287,0.0914192423
E2E_OUTPUT,int16_act_int8_proj_mixed_attention,1,288,-0.120518617
E2E_OUTPUT,int16_act_int8_proj_mixed_attention,1,289,0.0389007479
E2E_OUTPUT,int16_act_int8_proj_mixed_attention,1,290,0.110714845
E2E_OUTPUT,int16_act_int8_proj_mixed_attention,1,291,-0.0711970776
E2E_OUTPUT,int16_act_int8_proj_mixed_attention,1,292,0.15011166
E2E_OUTPUT,int16_act_int8_proj_mixed_attention,1,293,-0.0708617792
E2E_OUTPUT,int16_act_int8_proj_mixed_attention,1,294,-0.0652276799
E2E_OUTPUT,int16_act_int8_proj_mixed_attention,1,295,-0.0188024193
E2E_OUTPUT,int16_act_int8_proj_mixed_attention,1,296,-0.0600029267
E2E_OUTPUT,int16_act_int8_proj_mixed_attention,1,297,0.0349614359
E2E_OUTPUT,int16_act_int8_proj_mixed_attention,1,298,0.0726352036
E2E_OUTPUT,int16_act_int8_proj_mixed_attention,1,299,0.0485931523
E2E_OUTPUT,int16_act_int8_proj_mixed_attention,1,300,-0.0700867176
E2E_OUTPUT,int16_act_int8_proj_mixed_attention,1,301,0.0358116701
E2E_OUTPUT,int16_act_int8_proj_mixed_attention,1,302,0.0470737144
E2E_OUTPUT,int16_act_int8_proj_mixed_attention,1,303,-0.0143616274
E2E_OUTPUT,int16_act_int8_proj_mixed_attention,1,304,0.0308770202
E2E_OUTPUT,int16_act_int8_proj_mixed_attention,1,305,0.0933621973
E2E_OUTPUT,int16_act_int8_proj_mixed_attention,1,306,-0.149750501
E2E_OUTPUT,int16_act_int8_proj_mixed_attention,1,307,0.0587344654
E2E_OUTPUT,int16_act_int8_proj_mixed_attention,1,308,0.00328870304
E2E_OUTPUT,int16_act_int8_proj_mixed_attention,1,309,-0.0903186053
E2E_OUTPUT,int16_act_int8_proj_mixed_attention,1,310,0.0586892217
E2E_OUTPUT,int16_act_int8_proj_mixed_attention,1,311,-0.0112057943
E2E_OUTPUT,int16_act_int8_proj_mixed_attention,1,312,0.0455450863
E2E_OUTPUT,int16_act_int8_proj_mixed_attention,1,313,-0.107796006
E2E_OUTPUT,int16_act_int8_proj_mixed_attention,1,314,0.0348939896
E2E_OUTPUT,int16_act_int8_proj_mixed_attention,1,315,0.0428250208
E2E_OUTPUT,int16_act_int8_proj_mixed_attention,1,316,-0.0239067785
E2E_OUTPUT,int16_act_int8_proj_mixed_attention,1,317,0.00438477285
E2E_OUTPUT,int16_act_int8_proj_mixed_attention,1,318,-0.0912567824
E2E_OUTPUT,int16_act_int8_proj_mixed_attention,1,319,0.0761758685
E2E_OUTPUT,int16_act_int8_proj_mixed_attention,1,320,-0.127321362
E2E_OUTPUT,int16_act_int8_proj_mixed_attention,1,321,0.0424899794
E2E_OUTPUT,int16_act_int8_proj_mixed_attention,1,322,0.13133201
E2E_OUTPUT,int16_act_int8_proj_mixed_attention,1,323,-0.0648140758
E2E_OUTPUT,int16_act_int8_proj_mixed_attention,1,324,0.100672513
E2E_OUTPUT,int16_act_int8_proj_mixed_attention,1,325,-0.0512273647
E2E_OUTPUT,int16_act_int8_proj_mixed_attention,1,326,-0.0398099981
E2E_OUTPUT,int16_act_int8_proj_mixed_attention,1,327,-0.0742987022
E2E_OUTPUT,int16_act_int8_proj_mixed_attention,1,328,-0.0161401778
E2E_OUTPUT,int16_act_int8_proj_mixed_attention,1,329,-0.00343587645
E2E_OUTPUT,int16_act_int8_proj_mixed_attention,1,330,0.104971446
E2E_OUTPUT,int16_act_int8_proj_mixed_attention,1,331,0.0413523838
E2E_OUTPUT,int16_act_int8_proj_mixed_attention,1,332,-0.0872279778
E2E_OUTPUT,int16_act_int8_proj_mixed_attention,1,333,0.0553870648
E2E_OUTPUT,int16_act_int8_proj_mixed_attention,1,334,0.0511215851
E2E_OUTPUT,int16_act_int8_proj_mixed_attention,1,335,-0.00495519303
E2E_OUTPUT,int16_act_int8_proj_mixed_attention,1,336,0.0197080187
E2E_OUTPUT,int16_act_int8_proj_mixed_attention,1,337,0.0320528038
E2E_OUTPUT,int16_act_int8_proj_mixed_attention,1,338,-0.0850394741
E2E_OUTPUT,int16_act_int8_proj_mixed_attention,1,339,0.0259630233
E2E_OUTPUT,int16_act_int8_proj_mixed_attention,1,340,0.00157465599
E2E_OUTPUT,int16_act_int8_proj_mixed_attention,1,341,-0.0860044137
E2E_OUTPUT,int16_act_int8_proj_mixed_attention,1,342,0.0741955414
E2E_OUTPUT,int16_act_int8_proj_mixed_attention,1,343,-0.0323526524
E2E_OUTPUT,int16_act_int8_proj_mixed_attention,1,344,0.0422145724
E2E_OUTPUT,int16_act_int8_proj_mixed_attention,1,345,-0.0800978988
E2E_OUTPUT,int16_act_int8_proj_mixed_attention,1,346,-0.0103619918
E2E_OUTPUT,int16_act_int8_proj_mixed_attention,1,347,0.051701393
E2E_OUTPUT,int16_act_int8_proj_mixed_attention,1,348,0.0112370206
E2E_OUTPUT,int16_act_int8_proj_mixed_attention,1,349,0.00720959902
E2E_OUTPUT,int16_act_int8_proj_mixed_attention,1,350,-0.0746483356
E2E_OUTPUT,int16_act_int8_proj_mixed_attention,1,351,0.0479871742
E2E_OUTPUT,int16_act_int8_proj_mixed_attention,1,352,-0.0926293507
E2E_OUTPUT,int16_act_int8_proj_mixed_attention,1,353,0.0451767221
E2E_OUTPUT,int16_act_int8_proj_mixed_attention,1,354,0.128685862
E2E_OUTPUT,int16_act_int8_proj_mixed_attention,1,355,-0.0675923526
E2E_OUTPUT,int16_act_int8_proj_mixed_attention,1,356,0.0684210956
E2E_OUTPUT,int16_act_int8_proj_mixed_attention,1,357,-0.0306094848
E2E_OUTPUT,int16_act_int8_proj_mixed_attention,1,358,-0.00748090819
E2E_OUTPUT,int16_act_int8_proj_mixed_attention,1,359,-0.079757601
E2E_OUTPUT,int16_act_int8_proj_mixed_attention,1,360,0.018904604
E2E_OUTPUT,int16_act_int8_proj_mixed_attention,1,361,-0.0199795421
E2E_OUTPUT,int16_act_int8_proj_mixed_attention,1,362,0.100383908
E2E_OUTPUT,int16_act_int8_proj_mixed_attention,1,363,0.0466991886
E2E_OUTPUT,int16_act_int8_proj_mixed_attention,1,364,-0.0724310726
E2E_OUTPUT,int16_act_int8_proj_mixed_attention,1,365,0.0640156642
E2E_OUTPUT,int16_act_int8_proj_mixed_attention,1,366,0.0321767777
E2E_OUTPUT,int16_act_int8_proj_mixed_attention,1,367,0.00617076363
E2E_OUTPUT,int16_act_int8_proj_mixed_attention,1,368,0.0292084068
E2E_OUTPUT,int16_act_int8_proj_mixed_attention,1,369,0.00601130165
E2E_OUTPUT,int16_act_int8_proj_mixed_attention,1,370,-0.0624095649
E2E_OUTPUT,int16_act_int8_proj_mixed_attention,1,371,0.0356268622
E2E_OUTPUT,int16_act_int8_proj_mixed_attention,1,372,-0.0149134845
E2E_OUTPUT,int16_act_int8_proj_mixed_attention,1,373,-0.0472380146
E2E_OUTPUT,int16_act_int8_proj_mixed_attention,1,374,0.0482376106
E2E_OUTPUT,int16_act_int8_proj_mixed_attention,1,375,0.0119977491
E2E_OUTPUT,int16_act_int8_proj_mixed_attention,1,376,0.0150441304
E2E_OUTPUT,int16_act_int8_proj_mixed_attention,1,377,-0.109044157
E2E_OUTPUT,int16_act_int8_proj_mixed_attention,1,378,0.000129586086
E2E_OUTPUT,int16_act_int8_proj_mixed_attention,1,379,0.051150158
E2E_OUTPUT,int16_act_int8_proj_mixed_attention,1,380,0.00647805445
E2E_OUTPUT,int16_act_int8_proj_mixed_attention,1,381,0.00116436183
E2E_OUTPUT,int16_act_int8_proj_mixed_attention,1,382,-0.091996558
E2E_OUTPUT,int16_act_int8_proj_mixed_attention,1,383,0.0329164788
E2E_OUTPUT,int16_act_int8_proj_mixed_attention,1,384,0
E2E_OUTPUT,int16_act_int8_proj_mixed_attention,1,385,0
E2E_OUTPUT,int16_act_int8_proj_mixed_attention,1,386,0
E2E_OUTPUT,int16_act_int8_proj_mixed_attention,1,387,0
E2E_OUTPUT,int16_act_int8_proj_mixed_attention,1,388,0
E2E_OUTPUT,int16_act_int8_proj_mixed_attention,1,389,0
E2E_OUTPUT,int16_act_int8_proj_mixed_attention,1,390,0
E2E_OUTPUT,int16_act_int8_proj_mixed_attention,1,391,0
E2E_OUTPUT,int16_act_int8_proj_mixed_attention,1,392,0
E2E_OUTPUT,int16_act_int8_proj_mixed_attention,1,393,0
E2E_OUTPUT,int16_act_int8_proj_mixed_attention,1,394,0
E2E_OUTPUT,int16_act_int8_proj_mixed_attention,1,395,0
E2E_OUTPUT,int16_act_int8_proj_mixed_attention,1,396,0
E2E_OUTPUT,int16_act_int8_proj_mixed_attention,1,397,0
E2E_OUTPUT,int16_act_int8_proj_mixed_attention,1,398,0
E2E_OUTPUT,int16_act_int8_proj_mixed_attention,1,399,0
E2E_OUTPUT,int16_act_int8_proj_mixed_attention,1,400,0
E2E_OUTPUT,int16_act_int8_proj_mixed_attention,1,401,0
E2E_OUTPUT,int16_act_int8_proj_mixed_attention,1,402,0
E2E_OUTPUT,int16_act_int8_proj_mixed_attention,1,403,0
E2E_OUTPUT,int16_act_int8_proj_mixed_attention,1,404,0
E2E_OUTPUT,int16_act_int8_proj_mixed_attention,1,405,0
E2E_OUTPUT,int16_act_int8_proj_mixed_attention,1,406,0
E2E_OUTPUT,int16_act_int8_proj_mixed_attention,1,407,0
E2E_OUTPUT,int16_act_int8_proj_mixed_attention,1,408,0
E2E_OUTPUT,int16_act_int8_proj_mixed_attention,1,409,0
E2E_OUTPUT,int16_act_int8_proj_mixed_attention,1,410,0
E2E_OUTPUT,int16_act_int8_proj_mixed_attention,1,411,0
E2E_OUTPUT,int16_act_int8_proj_mixed_attention,1,412,0
E2E_OUTPUT,int16_act_int8_proj_mixed_attention,1,413,0
E2E_OUTPUT,int16_act_int8_proj_mixed_attention,1,414,0
E2E_OUTPUT,int16_act_int8_proj_mixed_attention,1,415,0
E2E_OUTPUT,int16_act_int8_proj_mixed_attention,1,416,-0.0244057924
E2E_OUTPUT,int16_act_int8_proj_mixed_attention,1,417,0.0329360217
E2E_OUTPUT,int16_act_int8_proj_mixed_attention,1,418,0.105326392
E2E_OUTPUT,int16_act_int8_proj_mixed_attention,1,419,-0.0491365083
E2E_OUTPUT,int16_act_int8_proj_mixed_attention,1,420,0.0293538794
E2E_OUTPUT,int16_act_int8_proj_mixed_attention,1,421,-0.0140412599
E2E_OUTPUT,int16_act_int8_proj_mixed_attention,1,422,0.0217716563
E2E_OUTPUT,int16_act_int8_proj_mixed_attention,1,423,-0.0692045987
E2E_OUTPUT,int16_act_int8_proj_mixed_attention,1,424,-0.00407578982
E2E_OUTPUT,int16_act_int8_proj_mixed_attention,1,425,-0.0013988358
E2E_OUTPUT,int16_act_int8_proj_mixed_attention,1,426,0.0939888507
E2E_OUTPUT,int16_act_int8_proj_mixed_attention,1,427,0.0176198222
E2E_OUTPUT,int16_act_int8_proj_mixed_attention,1,428,-0.0517850891
E2E_OUTPUT,int16_act_int8_proj_mixed_attention,1,429,0.0372890458
E2E_OUTPUT,int16_act_int8_proj_mixed_attention,1,430,0.0349661671
E2E_OUTPUT,int16_act_int8_proj_mixed_attention,1,431,0.00696658902
E2E_OUTPUT,int16_act_int8_proj_mixed_attention,1,432,0.0212564729
E2E_OUTPUT,int16_act_int8_proj_mixed_attention,1,433,-0.0072569889
E2E_OUTPUT,int16_act_int8_proj_mixed_attention,1,434,-0.030422315
E2E_OUTPUT,int16_act_int8_proj_mixed_attention,1,435,0.0105934348
E2E_OUTPUT,int16_act_int8_proj_mixed_attention,1,436,-0.022075776
E2E_OUTPUT,int16_act_int8_proj_mixed_attention,1,437,-0.0245573446
E2E_OUTPUT,int16_act_int8_proj_mixed_attention,1,438,0.0151841231
E2E_OUTPUT,int16_act_int8_proj_mixed_attention,1,439,0.0302193277
E2E_OUTPUT,int16_act_int8_proj_mixed_attention,1,440,0.0247505438
E2E_OUTPUT,int16_act_int8_proj_mixed_attention,1,441,-0.0878884047
E2E_OUTPUT,int16_act_int8_proj_mixed_attention,1,442,-0.006568396
E2E_OUTPUT,int16_act_int8_proj_mixed_attention,1,443,0.0452911556
E2E_OUTPUT,int16_act_int8_proj_mixed_attention,1,444,-0.00392718427
E2E_OUTPUT,int16_act_int8_proj_mixed_attention,1,445,0.00546133146
E2E_OUTPUT,int16_act_int8_proj_mixed_attention,1,446,-0.0682361424
E2E_OUTPUT,int16_act_int8_proj_mixed_attention,1,447,0.0241804831
E2E_OUTPUT,int16_act_int8_proj_mixed_attention,1,448,-0.01539608
E2E_OUTPUT,int16_act_int8_proj_mixed_attention,1,449,0.0267609078
E2E_OUTPUT,int16_act_int8_proj_mixed_attention,1,450,0.0925279781
E2E_OUTPUT,int16_act_int8_proj_mixed_attention,1,451,-0.0507327393
E2E_OUTPUT,int16_act_int8_proj_mixed_attention,1,452,0.0351080969
E2E_OUTPUT,int16_act_int8_proj_mixed_attention,1,453,-0.00792863313
E2E_OUTPUT,int16_act_int8_proj_mixed_attention,1,454,0.0204139631
E2E_OUTPUT,int16_act_int8_proj_mixed_attention,1,455,-0.0884663314
E2E_OUTPUT,int16_act_int8_proj_mixed_attention,1,456,0.00424110889
E2E_OUTPUT,int16_act_int8_proj_mixed_attention,1,457,-0.00213890593
E2E_OUTPUT,int16_act_int8_proj_mixed_attention,1,458,0.0989435241
E2E_OUTPUT,int16_act_int8_proj_mixed_attention,1,459,0.0133540733
E2E_OUTPUT,int16_act_int8_proj_mixed_attention,1,460,-0.0506260432
E2E_OUTPUT,int16_act_int8_proj_mixed_attention,1,461,0.0325612798
E2E_OUTPUT,int16_act_int8_proj_mixed_attention,1,462,0.0191233642
E2E_OUTPUT,int16_act_int8_proj_mixed_attention,1,463,0.0235596113
E2E_OUTPUT,int16_act_int8_proj_mixed_attention,1,464,0.0129592158
E2E_OUTPUT,int16_act_int8_proj_mixed_attention,1,465,-0.0191089548
E2E_OUTPUT,int16_act_int8_proj_mixed_attention,1,466,-0.034571629
E2E_OUTPUT,int16_act_int8_proj_mixed_attention,1,467,0.00278227124
E2E_OUTPUT,int16_act_int8_proj_mixed_attention,1,468,-0.0116502307
E2E_OUTPUT,int16_act_int8_proj_mixed_attention,1,469,-0.0211785249
E2E_OUTPUT,int16_act_int8_proj_mixed_attention,1,470,0.0356289521
E2E_OUTPUT,int16_act_int8_proj_mixed_attention,1,471,0.00803496782
E2E_OUTPUT,int16_act_int8_proj_mixed_attention,1,472,0.0243697334
E2E_OUTPUT,int16_act_int8_proj_mixed_attention,1,473,-0.0914095193
E2E_OUTPUT,int16_act_int8_proj_mixed_attention,1,474,-0.00270434748
E2E_OUTPUT,int16_act_int8_proj_mixed_attention,1,475,0.0537021011
E2E_OUTPUT,int16_act_int8_proj_mixed_attention,1,476,-0.0014523752
E2E_OUTPUT,int16_act_int8_proj_mixed_attention,1,477,0.009830717
E2E_OUTPUT,int16_act_int8_proj_mixed_attention,1,478,-0.0580761619
E2E_OUTPUT,int16_act_int8_proj_mixed_attention,1,479,0.0256233159
E2E_OUTPUT,int16_act_int8_proj_mixed_attention,1,480,-0.00634839758
E2E_OUTPUT,int16_act_int8_proj_mixed_attention,1,481,0.0235986039
E2E_OUTPUT,int16_act_int8_proj_mixed_attention,1,482,0.0611326061
E2E_OUTPUT,int16_act_int8_proj_mixed_attention,1,483,-0.038083747
E2E_OUTPUT,int16_act_int8_proj_mixed_attention,1,484,0.00764849037
E2E_OUTPUT,int16_act_int8_proj_mixed_attention,1,485,-0.0197401941
E2E_OUTPUT,int16_act_int8_proj_mixed_attention,1,486,0.022632936
E2E_OUTPUT,int16_act_int8_proj_mixed_attention,1,487,-0.0687863007
E2E_OUTPUT,int16_act_int8_proj_mixed_attention,1,488,-0.0155317551
E2E_OUTPUT,int16_act_int8_proj_mixed_attention,1,489,0.00806501694
E2E_OUTPUT,int16_act_int8_proj_mixed_attention,1,490,0.0873029605
E2E_OUTPUT,int16_act_int8_proj_mixed_attention,1,491,0.025311321
E2E_OUTPUT,int16_act_int8_proj_mixed_attention,1,492,-0.0557222888
E2E_OUTPUT,int16_act_int8_proj_mixed_attention,1,493,0.0184827801
E2E_OUTPUT,int16_act_int8_proj_mixed_attention,1,494,0.00885419734
E2E_OUTPUT,int16_act_int8_proj_mixed_attention,1,495,0.0268407762
E2E_OUTPUT,int16_act_int8_proj_mixed_attention,1,496,0.0105048344
E2E_OUTPUT,int16_act_int8_proj_mixed_attention,1,497,-0.00474186521
E2E_OUTPUT,int16_act_int8_proj_mixed_attention,1,498,-0.0128985876
E2E_OUTPUT,int16_act_int8_proj_mixed_attention,1,499,0.00899522286
E2E_OUTPUT,int16_act_int8_proj_mixed_attention,1,500,-0.0152670555
E2E_OUTPUT,int16_act_int8_proj_mixed_attention,1,501,-0.00508773699
E2E_OUTPUT,int16_act_int8_proj_mixed_attention,1,502,0.0298819803
E2E_OUTPUT,int16_act_int8_proj_mixed_attention,1,503,0.011294676
E2E_OUTPUT,int16_act_int8_proj_mixed_attention,1,504,0.0171853472
E2E_OUTPUT,int16_act_int8_proj_mixed_attention,1,505,-0.064536579
E2E_OUTPUT,int16_act_int8_proj_mixed_attention,1,506,0.00549032725
E2E_OUTPUT,int16_act_int8_proj_mixed_attention,1,507,0.0387926288
E2E_OUTPUT,int16_act_int8_proj_mixed_attention,1,508,0.00159030687
E2E_OUTPUT,int16_act_int8_proj_mixed_attention,1,509,0.0142839598
E2E_OUTPUT,int16_act_int8_proj_mixed_attention,1,510,-0.0508339144
E2E_OUTPUT,int16_act_int8_proj_mixed_attention,1,511,0.0272349361
E2E_DONE,free_heap=302056,min_free_heap=257904
Send e to run the end-to-end suite again.
